fine_res,coarse_res,aggregation,hotspot_budget,budget_match_mode,tie_method,study_domain_mask,study_domain_modelling_res,n_fine,n_coarse,nominal_cell_k,fine_hotspot_area_m2,coarse_hotspot_area_m2,target_area_m2,area_budget_rel_err_fine,area_budget_rel_err_coarse,n_hotspot_fine,n_hotspot_fine_parents,n_hotspot_coarse,fine_hotspot_threshold,coarse_hotspot_threshold,jaccard,jaccard_soft,jaccard_hard_median,jaccard_hard_ci_low,jaccard_hard_ci_high,jaccard_hard_n_boot,area_weighted_overlap,reconstruction_mae,reconstruction_rmse,reconstruction_rank_corr,spearman_rank_corr,continuous_mae,continuous_rmse,f1,fine_parent_recall,coarse_precision,matched_budgets_cell_count,primary_metric,note
10,8,mean,0.05,strict_area_budget,fractional_membership_area,False,,1857,52,93,1404046.2755596933,1404046.2755596933,1404046.2755596933,0.0,0.0,427,38,3,1.0,0.4693793665987626,0.08051584108083287,0.08051584108083287,0.0,0.0,0.0,200,0.08051584108083287,0.3139271165599952,0.39618626715220406,0.33064477790318286,1.0,0.0,0.0,0.14903222705239275,0.14903222705239277,0.14903222705239272,False,area_weighted_soft_jaccard,
10,8,max,0.05,strict_area_budget,fractional_membership_area,False,,1857,52,93,1404046.2755596933,1404046.2755596933,1404046.2755596933,0.0,0.0,427,38,38,1.0,1.0,0.6684705318956993,0.6684705318956993,0.0,0.0,0.0,200,0.6684705318956993,0.6634281942984273,0.8145110154555476,0.18877971273835914,0.7759835936631705,0.5519287534382735,0.6547737761186158,0.8012973787870137,0.801297378787014,0.8012973787870133,False,area_weighted_soft_jaccard,"max aggregation Jaccard near 1.0 can be structural (parent collapse under max), not a preferred strategy"
10,8,p90,0.05,strict_area_budget,fractional_membership_area,False,,1857,52,93,1404046.2755596933,1404046.2755596933,1404046.2755596933,0.0,0.0,427,38,30,1.0,1.0,0.7311909841214501,0.7311909841214501,0.0,0.0,0.0,200,0.7311909841214501,0.5533723225856896,0.7403434555071347,0.25425582410651154,0.8753439220367479,0.4214871106362978,0.5466383622521993,0.8447259612924998,0.8447259612924999,0.8447259612924997,False,area_weighted_soft_jaccard,
10,9,mean,0.05,strict_area_budget,fractional_membership_area,False,,1857,296,93,1404046.2755596933,1404046.2755596933,1404046.2755596933,0.0,0.0,427,166,14,1.0,0.714287628106762,0.10479985834626936,0.10479985834626936,0.0,0.0,0.07142857142857142,200,0.10479985834626936,0.23038320070645865,0.3393988808956643,0.5622216395154779,0.9999999999999998,0.0,0.0,0.18971736383663199,0.189717363836632,0.18971736383663199,False,area_weighted_soft_jaccard,
10,9,max,0.05,strict_area_budget,fractional_membership_area,False,,1857,296,93,1404046.2755596933,1404046.275559693,1404046.2755596933,0.0,1.658283261077393e-16,427,166,166,1.0,1.0,0.6098249412110406,0.6098249412110406,0.0,0.0,0.0,200,0.6098249412110406,0.3893476326774613,0.6239772693595987,0.4284564701254237,0.8984997333441215,0.35202700433720346,0.49754090086943,0.7576288894521421,0.7576288894521424,0.7576288894521419,False,area_weighted_soft_jaccard,"max aggregation Jaccard near 1.0 can be structural (parent collapse under max), not a preferred strategy"
10,9,p90,0.05,strict_area_budget,fractional_membership_area,False,,1857,296,93,1404046.2755596933,1404046.2755596933,1404046.2755596933,0.0,0.0,427,166,116,1.0,1.0,0.6324692307858694,0.6324692307858694,0.0,0.0,0.0017857142857146916,200,0.6324692307858694,0.31104702047175375,0.5164454512674002,0.5048362715614733,0.9628342283257081,0.2527026800128792,0.36978736954209385,0.7748620541918565,0.7748620541918566,0.7748620541918564,False,area_weighted_soft_jaccard,
10,8,mean,0.1,strict_area_budget,fractional_membership_area,False,,1857,52,186,2808092.5511193867,2808092.5511193867,2808092.5511193867,0.0,0.0,427,38,4,1.0,0.408164675059718,0.11635479915951788,0.11635479915951788,0.0,0.0,0.0,200,0.11635479915951788,0.3139271165599952,0.39618626715220406,0.33064477790318286,1.0,0.0,0.0,0.20845487339171956,0.20845487339171961,0.2084548733917195,False,area_weighted_soft_jaccard,
10,8,max,0.1,strict_area_budget,fractional_membership_area,False,,1857,52,186,2808092.5511193867,2808092.5511193867,2808092.5511193867,0.0,0.0,427,38,38,1.0,1.0,0.6684705318956993,0.6684705318956993,0.0,0.0,0.0,200,0.6684705318956993,0.6634281942984273,0.8145110154555476,0.18877971273835914,0.7759835936631705,0.5519287534382735,0.6547737761186158,0.8012973787870137,0.801297378787014,0.8012973787870133,False,area_weighted_soft_jaccard,"max aggregation Jaccard near 1.0 can be structural (parent collapse under max), not a preferred strategy"
10,8,p90,0.1,strict_area_budget,fractional_membership_area,False,,1857,52,186,2808092.5511193867,2808092.5511193867,2808092.5511193867,0.0,0.0,427,38,30,1.0,1.0,0.7311909841214501,0.7311909841214501,0.0,0.0,0.0,200,0.7311909841214501,0.5533723225856896,0.7403434555071347,0.25425582410651154,0.8753439220367479,0.4214871106362978,0.5466383622521993,0.8447259612924998,0.8447259612924999,0.8447259612924997,False,area_weighted_soft_jaccard,
10,9,mean,0.1,strict_area_budget,fractional_membership_area,False,,1857,296,186,2808092.5511193867,2808092.551119387,2808092.5511193867,0.0,1.658283261077393e-16,427,166,28,1.0,0.5714324013137332,0.20114589907821903,0.20114589907821903,0.14285714285714285,0.03571428571428571,0.25,200,0.20114589907821903,0.23038320070645865,0.3393988808956643,0.5622216395154779,0.9999999999999998,0.0,0.0,0.3349233415067762,0.3349233415067763,0.3349233415067762,False,area_weighted_soft_jaccard,
10,9,max,0.1,strict_area_budget,fractional_membership_area,False,,1857,296,186,2808092.5511193867,2808092.551119386,2808092.5511193867,0.0,1.658283261077393e-16,427,166,166,1.0,1.0,0.6098249412110406,0.6098249412110406,0.03125,0.0,0.1,200,0.6098249412110406,0.3893476326774613,0.6239772693595987,0.4284564701254237,0.8984997333441215,0.35202700433720346,0.49754090086943,0.7576288894521421,0.7576288894521424,0.7576288894521419,False,area_weighted_soft_jaccard,"max aggregation Jaccard near 1.0 can be structural (parent collapse under max), not a preferred strategy"
10,9,p90,0.1,strict_area_budget,fractional_membership_area,False,,1857,296,186,2808092.5511193867,2808092.5511193867,2808092.5511193867,0.0,0.0,427,166,116,1.0,1.0,0.6324692307858694,0.6324692307858694,0.03225806451612903,0.0,0.13793103448275862,200,0.6324692307858694,0.31104702047175375,0.5164454512674002,0.5048362715614733,0.9628342283257081,0.2527026800128792,0.36978736954209385,0.7748620541918565,0.7748620541918566,0.7748620541918564,False,area_weighted_soft_jaccard,
10,8,mean,0.15,strict_area_budget,fractional_membership_area,False,,1857,52,279,4212138.82667908,4212138.82667908,4212138.82667908,0.0,0.0,427,38,6,1.0,0.3673428109586204,0.17147793808707448,0.17147793808707448,0.0,0.0,0.0,200,0.17147793808707448,0.3139271165599952,0.39618626715220406,0.33064477790318286,1.0,0.0,0.0,0.2927548740133914,0.2927548740133914,0.2927548740133914,False,area_weighted_soft_jaccard,
10,8,max,0.15,strict_area_budget,fractional_membership_area,False,,1857,52,279,4212138.82667908,4212138.82667908,4212138.82667908,0.0,0.0,427,38,38,1.0,1.0,0.6684705318956994,0.6684705318956994,0.0,0.0,0.0,200,0.6684705318956994,0.6634281942984273,0.8145110154555476,0.18877971273835914,0.7759835936631705,0.5519287534382735,0.6547737761186158,0.8012973787870137,0.8012973787870138,0.8012973787870139,False,area_weighted_soft_jaccard,"max aggregation Jaccard near 1.0 can be structural (parent collapse under max), not a preferred strategy"
10,8,p90,0.15,strict_area_budget,fractional_membership_area,False,,1857,52,279,4212138.82667908,4212138.82667908,4212138.82667908,0.0,0.0,427,38,30,1.0,1.0,0.7311909841214498,0.7311909841214498,0.0,0.0,0.0,200,0.7311909841214498,0.5533723225856896,0.7403434555071347,0.25425582410651154,0.8753439220367479,0.4214871106362978,0.5466383622521993,0.8447259612924993,0.8447259612924993,0.8447259612924993,False,area_weighted_soft_jaccard,
10,9,mean,0.15,strict_area_budget,fractional_membership_area,False,,1857,296,279,4212138.82667908,4212138.826679081,4212138.82667908,0.0,2.2110443481031908e-16,427,166,41,1.0,0.5714224292234159,0.2959175610042232,0.2959175610042232,0.36585365853658536,0.2676829268292683,0.4878048780487805,200,0.2959175610042232,0.23038320070645865,0.3393988808956643,0.5622216395154779,0.9999999999999998,0.0,0.0,0.4566919531129939,0.4566919531129939,0.45669195311299393,False,area_weighted_soft_jaccard,
10,9,max,0.15,strict_area_budget,fractional_membership_area,False,,1857,296,279,4212138.82667908,4212138.82667908,4212138.82667908,0.0,0.0,427,166,166,1.0,1.0,0.6098249412110404,0.6098249412110404,0.07547169811320754,0.018173701298701297,0.14293154761904764,200,0.6098249412110404,0.3893476326774613,0.6239772693595987,0.4284564701254237,0.8984997333441215,0.35202700433720346,0.49754090086943,0.7576288894521425,0.7576288894521424,0.7576288894521426,False,area_weighted_soft_jaccard,"max aggregation Jaccard near 1.0 can be structural (parent collapse under max), not a preferred strategy"
10,9,p90,0.15,strict_area_budget,fractional_membership_area,False,,1857,296,279,4212138.82667908,4212138.82667908,4212138.82667908,0.0,0.0,427,166,116,1.0,1.0,0.6324692307858693,0.6324692307858693,0.10416666666666667,0.03773584905660377,0.1961764705882353,200,0.6324692307858693,0.31104702047175375,0.5164454512674002,0.5048362715614733,0.9628342283257081,0.2527026800128792,0.36978736954209385,0.7748620541918569,0.7748620541918566,0.7748620541918569,False,area_weighted_soft_jaccard,
10,8,mean,0.2,strict_area_budget,fractional_membership_area,False,,1857,52,371,5616185.102238773,5616185.102238773,5616185.102238773,0.0,0.0,427,38,8,1.0,0.3265358679505666,0.22704398681959778,0.22704398681959778,0.0,0.0,0.125,200,0.22704398681959778,0.3139271165599952,0.39618626715220406,0.33064477790318286,1.0,0.0,0.0,0.370066581570687,0.3700665815706871,0.37006658157068684,False,area_weighted_soft_jaccard,
10,8,max,0.2,strict_area_budget,fractional_membership_area,False,,1857,52,371,5616185.102238773,5616185.102238773,5616185.102238773,0.0,0.0,427,38,38,1.0,1.0,0.6684705318956993,0.6684705318956993,0.0,0.0,0.1111111111111111,200,0.6684705318956993,0.6634281942984273,0.8145110154555476,0.18877971273835914,0.7759835936631705,0.5519287534382735,0.6547737761186158,0.8012973787870137,0.801297378787014,0.8012973787870133,False,area_weighted_soft_jaccard,"max aggregation Jaccard near 1.0 can be structural (parent collapse under max), not a preferred strategy"
10,8,p90,0.2,strict_area_budget,fractional_membership_area,False,,1857,52,371,5616185.102238773,5616185.102238773,5616185.102238773,0.0,0.0,427,38,30,1.0,1.0,0.7311909841214501,0.7311909841214501,0.0,0.0,0.125,200,0.7311909841214501,0.5533723225856896,0.7403434555071347,0.25425582410651154,0.8753439220367479,0.4214871106362978,0.5466383622521993,0.8447259612924998,0.8447259612924999,0.8447259612924997,False,area_weighted_soft_jaccard,
10,9,mean,0.2,strict_area_budget,fractional_membership_area,False,,1857,296,371,5616185.102238773,5616185.102238773,5616185.102238773,0.0,0.0,427,166,54,1.0,0.4285714285413192,0.3774253156152768,0.3774253156152768,0.5740740740740741,0.5180555555555555,0.6666666666666666,200,0.3774253156152768,0.23038320070645865,0.3393988808956643,0.5622216395154779,0.9999999999999998,0.0,0.0,0.5480156511377696,0.5480156511377697,0.5480156511377695,False,area_weighted_soft_jaccard,
10,9,max,0.2,strict_area_budget,fractional_membership_area,False,,1857,296,371,5616185.102238773,5616185.102238772,5616185.102238773,0.0,1.658283261077393e-16,427,166,166,1.0,1.0,0.6098249412110406,0.6098249412110406,0.13793759512937595,0.07497685185185185,0.21428571428571427,200,0.6098249412110406,0.3893476326774613,0.6239772693595987,0.4284564701254237,0.8984997333441215,0.35202700433720346,0.49754090086943,0.7576288894521421,0.7576288894521424,0.7576288894521419,False,area_weighted_soft_jaccard,"max aggregation Jaccard near 1.0 can be structural (parent collapse under max), not a preferred strategy"
10,9,p90,0.2,strict_area_budget,fractional_membership_area,False,,1857,296,371,5616185.102238773,5616185.102238773,5616185.102238773,0.0,0.0,427,166,116,1.0,1.0,0.6324692307858694,0.6324692307858694,0.2112676056338028,0.13324675324675325,0.2923529411764706,200,0.6324692307858694,0.31104702047175375,0.5164454512674002,0.5048362715614733,0.9628342283257081,0.2527026800128792,0.36978736954209385,0.7748620541918565,0.7748620541918566,0.7748620541918564,False,area_weighted_soft_jaccard,
