fold_id,h3_index,h3_block,y_true,y_proba,y_pred
0,89099938003ffff,870999380ffffff,0,0.004510508462791603,0
0,89099938007ffff,870999380ffffff,0,0.004510508462791603,0
0,8909993800bffff,870999380ffffff,0,0.004510508462791603,0
0,8909993800fffff,870999380ffffff,0,0.004510508462791603,0
0,89099938013ffff,870999380ffffff,0,0.012325058314043022,0
0,89099938017ffff,870999380ffffff,0,0.010658456611321704,0
0,8909993801bffff,870999380ffffff,0,0.011995000191314494,0
0,89099938023ffff,870999380ffffff,0,0.004510508462791603,0
0,89099938027ffff,870999380ffffff,0,0.004510508462791603,0
0,8909993802bffff,870999380ffffff,0,0.004510508462791603,0
0,8909993802fffff,870999380ffffff,1,0.8743629762963008,1
0,89099938033ffff,870999380ffffff,0,0.2904501238972672,0
0,89099938037ffff,870999380ffffff,0,0.2215765907684129,0
0,8909993803bffff,870999380ffffff,0,0.011995000191314494,0
0,89099938043ffff,870999380ffffff,0,0.004510508462791603,0
0,89099938047ffff,870999380ffffff,0,0.004510508462791603,0
0,8909993804bffff,870999380ffffff,0,0.004510508462791603,0
0,8909993804fffff,870999380ffffff,0,0.7744392295776227,1
0,89099938053ffff,870999380ffffff,0,0.010658456611321704,0
0,89099938057ffff,870999380ffffff,0,0.16575262041649289,0
0,8909993805bffff,870999380ffffff,0,0.056229535316491226,0
0,89099938063ffff,870999380ffffff,0,0.004510508462791603,0
0,89099938067ffff,870999380ffffff,0,0.004510508462791603,0
0,8909993806bffff,870999380ffffff,1,0.8743629762963008,1
0,8909993806fffff,870999380ffffff,1,0.5354990226533178,1
0,89099938073ffff,870999380ffffff,0,0.2215765907684129,0
0,89099938077ffff,870999380ffffff,0,0.011995000191314494,0
0,8909993807bffff,870999380ffffff,0,0.013941938789724356,0
0,89099938083ffff,870999380ffffff,0,0.004510508462791603,0
0,89099938087ffff,870999380ffffff,0,0.004510508462791603,0
0,8909993808bffff,870999380ffffff,1,0.7744392295776227,1
0,8909993808fffff,870999380ffffff,0,0.6363171839068644,1
0,89099938093ffff,870999380ffffff,0,0.16575262041649289,0
0,89099938097ffff,870999380ffffff,0,0.011995000191314494,0
0,8909993809bffff,870999380ffffff,0,0.07226940649411946,0
0,890999380a3ffff,870999380ffffff,0,0.004510508462791603,0
0,890999380a7ffff,870999380ffffff,1,0.8743629762963008,1
0,890999380abffff,870999380ffffff,0,0.5339659427112345,1
0,890999380afffff,870999380ffffff,0,0.41326819064712367,0
0,890999380b3ffff,870999380ffffff,0,0.011995000191314494,0
0,890999380b7ffff,870999380ffffff,0,0.013941938789724356,0
0,890999380bbffff,870999380ffffff,0,0.011479742653750454,0
0,890999380c3ffff,870999380ffffff,0,0.004510508462791603,0
0,890999380c7ffff,870999380ffffff,1,0.7744392295776227,1
0,890999380cbffff,870999380ffffff,1,0.6237819689790546,1
0,890999380cfffff,870999380ffffff,0,0.34893432762513393,0
0,890999380d3ffff,870999380ffffff,0,0.056229535316491226,0
0,890999380d7ffff,870999380ffffff,0,0.07226940649411946,0
0,890999380dbffff,870999380ffffff,0,0.03811681695435559,0
0,89099938303ffff,870999383ffffff,0,0.2904501238972672,0
0,89099938307ffff,870999383ffffff,0,0.2215765907684129,0
0,8909993830bffff,870999383ffffff,0,0.011995000191314494,0
0,8909993830fffff,870999383ffffff,0,0.013941938789724356,0
0,89099938313ffff,870999383ffffff,0,0.004510508462791603,0
0,89099938317ffff,870999383ffffff,0,0.004510508462791603,0
0,8909993831bffff,870999383ffffff,0,0.004510508462791603,0
0,89099938323ffff,870999383ffffff,0,0.010658456611321704,0
0,89099938327ffff,870999383ffffff,1,0.16575262041649289,0
0,8909993832bffff,870999383ffffff,0,0.056229535316491226,0
0,8909993832fffff,870999383ffffff,0,0.07226940649411946,0
0,89099938333ffff,870999383ffffff,0,0.004510508462791603,0
0,89099938337ffff,870999383ffffff,0,0.004510508462791603,0
0,8909993833bffff,870999383ffffff,0,0.8743629762963008,1
0,89099938343ffff,870999383ffffff,0,0.2215765907684129,0
0,89099938347ffff,870999383ffffff,1,0.011995000191314494,0
0,8909993834bffff,870999383ffffff,0,0.013941938789724356,0
0,8909993834fffff,870999383ffffff,0,0.011479742653750454,0
0,89099938353ffff,870999383ffffff,0,0.004510508462791603,0
0,89099938357ffff,870999383ffffff,0,0.004510508462791603,0
0,8909993835bffff,870999383ffffff,1,0.7744392295776227,1
0,89099938363ffff,870999383ffffff,0,0.16575262041649289,0
0,89099938367ffff,870999383ffffff,0,0.011995000191314494,0
0,8909993836bffff,870999383ffffff,0,0.07226940649411946,0
0,8909993836fffff,870999383ffffff,0,0.011479742653750454,0
0,89099938373ffff,870999383ffffff,0,0.004510508462791603,0
0,89099938377ffff,870999383ffffff,0,0.004510508462791603,0
0,8909993837bffff,870999383ffffff,0,0.5354990226533178,1
0,89099938383ffff,870999383ffffff,0,0.011995000191314494,0
0,89099938387ffff,870999383ffffff,0,0.1339985168612491,0
0,8909993838bffff,870999383ffffff,0,0.011479742653750454,0
0,8909993838fffff,870999383ffffff,0,0.011479742653750454,0
0,89099938393ffff,870999383ffffff,0,0.004510508462791603,0
0,89099938397ffff,870999383ffffff,1,0.9687401455921821,1
0,8909993839bffff,870999383ffffff,1,0.6363171839068644,1
0,890999383a3ffff,870999383ffffff,0,0.056229535316491226,0
0,890999383a7ffff,870999383ffffff,0,0.07226940649411946,0
0,890999383abffff,870999383ffffff,0,0.03811681695435559,0
0,890999383afffff,870999383ffffff,0,0.009264905710946833,0
0,890999383b3ffff,870999383ffffff,1,0.8743629762963008,1
0,890999383b7ffff,870999383ffffff,0,0.5354990226533178,1
0,890999383bbffff,870999383ffffff,0,0.41326819064712367,0
0,890999383c3ffff,870999383ffffff,0,0.013941938789724356,0
0,890999383c7ffff,870999383ffffff,0,0.011479742653750454,0
0,890999383cbffff,870999383ffffff,0,0.07376119328451694,0
0,890999383cfffff,870999383ffffff,0,0.03153791251703906,0
0,890999383d3ffff,870999383ffffff,1,0.7744392295776227,1
0,890999383d7ffff,870999383ffffff,0,0.6363171839068644,1
0,890999383dbffff,870999383ffffff,0,0.34893432762513393,0
0,89099938803ffff,870999388ffffff,0,0.004510508462791603,0
0,89099938807ffff,870999388ffffff,0,0.004510508462791603,0
0,8909993880bffff,870999388ffffff,1,0.7744392295776227,1
0,8909993880fffff,870999388ffffff,1,0.6363171839068644,1
0,89099938813ffff,870999388ffffff,0,0.16575262041649289,0
0,89099938817ffff,870999388ffffff,1,0.011995000191314494,0
0,8909993881bffff,870999388ffffff,0,0.07226940649411946,0
0,89099938823ffff,870999388ffffff,0,0.004510508462791603,0
0,89099938827ffff,870999388ffffff,0,0.004510508462791603,0
0,8909993882bffff,870999388ffffff,0,0.5354990226533178,1
0,8909993882fffff,870999388ffffff,1,0.5523885739946465,1
0,89099938833ffff,870999388ffffff,0,0.011995000191314494,0
0,89099938837ffff,870999388ffffff,0,0.1339985168612491,0
0,8909993883bffff,870999388ffffff,0,0.011479742653750454,0
0,89099938843ffff,870999388ffffff,0,0.004510508462791603,0
0,89099938847ffff,870999388ffffff,1,0.9687401455921821,1
0,8909993884bffff,870999388ffffff,1,0.6363171839068644,1
0,8909993884fffff,870999388ffffff,1,0.6340237620423007,1
0,89099938853ffff,870999388ffffff,0,0.011995000191314494,0
0,89099938857ffff,870999388ffffff,0,0.013941938789724356,0
0,8909993885bffff,870999388ffffff,0,0.011479742653750454,0
0,89099938863ffff,870999388ffffff,0,0.004510508462791603,0
0,89099938867ffff,870999388ffffff,1,0.29765458076620005,0
0,8909993886bffff,870999388ffffff,1,0.5523885739946465,1
0,89099938873ffff,870999388ffffff,0,0.1339985168612491,0
0,89099938877ffff,870999388ffffff,0,0.013941938789724356,0
0,8909993887bffff,870999388ffffff,0,0.011479742653750454,0
0,89099938883ffff,870999388ffffff,1,0.9687401455921821,1
0,89099938887ffff,870999388ffffff,0,0.9261333539082185,1
0,8909993888bffff,870999388ffffff,1,0.6340237620423007,1
0,8909993888fffff,870999388ffffff,1,0.12265197687949365,0
0,89099938893ffff,870999388ffffff,0,0.013941938789724356,0
0,89099938897ffff,870999388ffffff,0,0.011479742653750454,0
0,8909993889bffff,870999388ffffff,0,0.03811681695435559,0
0,890999388a3ffff,870999388ffffff,1,0.5354990226533178,1
0,890999388a7ffff,870999388ffffff,1,0.5523885739946465,1
0,890999388abffff,870999388ffffff,1,0.31798204137424285,0
0,890999388afffff,870999388ffffff,0,0.15244259039041938,0
0,890999388b3ffff,870999388ffffff,0,0.011479742653750454,0
0,890999388b7ffff,870999388ffffff,0,0.011479742653750454,0
0,890999388bbffff,870999388ffffff,0,0.03153791251703906,0
0,890999388c3ffff,870999388ffffff,1,0.6363171839068644,1
0,890999388c7ffff,870999388ffffff,1,0.6340237620423007,1
0,890999388cbffff,870999388ffffff,0,0.11166986310808151,0
0,890999388cfffff,870999388ffffff,0,0.39733108145697515,0
0,890999388d3ffff,870999388ffffff,0,0.011479742653750454,0
0,890999388d7ffff,870999388ffffff,0,0.03811681695435559,0
0,890999388dbffff,870999388ffffff,0,0.004510508462791603,0
0,89099939507ffff,870999395ffffff,0,0.004510508462791603,0
0,8909993950fffff,870999395ffffff,0,0.5354990226533178,1
0,89099939517ffff,870999395ffffff,0,0.011995000191314494,0
0,89099939523ffff,870999395ffffff,0,0.004510508462791603,0
0,89099939527ffff,870999395ffffff,0,0.004510508462791603,0
0,8909993952bffff,870999395ffffff,0,0.7744392295776227,1
0,8909993952fffff,870999395ffffff,1,0.6363171839068644,1
0,89099939533ffff,870999395ffffff,1,0.16575262041649289,0
0,89099939537ffff,870999395ffffff,0,0.011995000191314494,0
0,8909993953bffff,870999395ffffff,0,0.07226940649411946,0
0,89099939567ffff,870999395ffffff,1,0.9687401455921821,1
0,89099939577ffff,870999395ffffff,0,0.013941938789724356,0
0,89099939583ffff,870999395ffffff,0,0.004510508462791603,0
0,89099939587ffff,870999395ffffff,1,0.29765458076620005,0
0,8909993958fffff,870999395ffffff,0,0.5290272725069328,1
0,89099939593ffff,870999395ffffff,0,0.1339985168612491,0
0,89099939597ffff,870999395ffffff,0,0.013941938789724356,0
0,890999395a3ffff,870999395ffffff,0,0.7744392295776227,1
0,890999395a7ffff,870999395ffffff,1,0.6363171839068644,1
0,890999395abffff,870999395ffffff,0,0.34893432762513393,0
0,890999395afffff,870999395ffffff,1,0.11166986310808151,0
0,890999395b3ffff,870999395ffffff,0,0.07226940649411946,0
0,890999395b7ffff,870999395ffffff,0,0.011479742653750454,0
0,890999395bbffff,870999395ffffff,0,0.009264905710946833,0
0,8909993ad43ffff,8709993adffffff,0,0.011479742653750454,0
0,8909993ad4bffff,8709993adffffff,0,0.004510508462791603,0
0,8909993ad4fffff,8709993adffffff,0,0.004510508462791603,0
0,8909993ad53ffff,8709993adffffff,1,0.6237819689790546,1
0,8909993ad5bffff,8709993adffffff,0,0.24677338725395426,0
0,8909993b107ffff,8709993b1ffffff,0,0.004510508462791603,0
0,8909993b10bffff,8709993b1ffffff,1,0.9542924015044644,1
0,8909993b10fffff,8709993b1ffffff,0,0.23991729504432047,0
0,8909993b123ffff,8709993b1ffffff,0,0.004510508462791603,0
0,8909993b127ffff,8709993b1ffffff,0,0.004510508462791603,0
0,8909993b12bffff,8709993b1ffffff,1,0.9400538017879947,1
0,8909993b12fffff,8709993b1ffffff,1,0.5339659427112345,1
0,8909993b133ffff,8709993b1ffffff,0,0.011995000191314494,0
0,8909993b137ffff,8709993b1ffffff,0,0.011995000191314494,0
0,8909993b13bffff,8709993b1ffffff,0,0.011479742653750454,0
0,8909993b143ffff,8709993b1ffffff,0,0.004510508462791603,0
0,8909993b147ffff,8709993b1ffffff,0,0.004510508462791603,0
0,8909993b14bffff,8709993b1ffffff,1,0.23991729504432047,0
0,8909993b14fffff,8709993b1ffffff,0,0.6237819689790546,1
0,8909993b163ffff,8709993b1ffffff,0,0.004510508462791603,0
0,8909993b167ffff,8709993b1ffffff,1,0.8743629762963008,1
0,8909993b16bffff,8709993b1ffffff,0,0.5339659427112345,1
0,8909993b16fffff,8709993b1ffffff,0,0.41326819064712367,0
0,8909993b173ffff,8709993b1ffffff,0,0.011995000191314494,0
0,8909993b177ffff,8709993b1ffffff,0,0.013941938789724356,0
0,8909993b17bffff,8709993b1ffffff,0,0.011479742653750454,0
0,8909993b1afffff,8709993b1ffffff,0,0.36113606541022036,0
1,89099938b93ffff,87099938bffffff,1,0.640889510027744,1
1,89099938c03ffff,87099938cffffff,0,0.0034703187522911105,0
1,89099938c07ffff,87099938cffffff,0,0.7142695861195049,1
1,89099938c0bffff,87099938cffffff,0,0.6081804813467744,1
1,89099938c0fffff,87099938cffffff,0,0.3775929198318393,0
1,89099938c13ffff,87099938cffffff,0,0.011374252162843393,0
1,89099938c17ffff,87099938cffffff,0,0.07207229511263188,0
1,89099938c1bffff,87099938cffffff,0,0.04826765384043597,0
1,89099938c23ffff,87099938cffffff,1,0.8311374835732033,1
1,89099938c27ffff,87099938cffffff,0,0.44721713206064106,0
1,89099938c2bffff,87099938cffffff,1,0.16981715379083454,0
1,89099938c2fffff,87099938cffffff,0,0.26245419654699026,0
1,89099938c33ffff,87099938cffffff,0,0.011374252162843393,0
1,89099938c37ffff,87099938cffffff,0,0.00832015382581258,0
1,89099938c3bffff,87099938cffffff,0,0.12594724511671412,0
1,89099938c43ffff,87099938cffffff,1,0.7142695861195049,1
1,89099938c47ffff,87099938cffffff,0,0.640889510027744,1
1,89099938c4bffff,87099938cffffff,0,0.3775929198318393,0
1,89099938c4fffff,87099938cffffff,0,0.25767571636317127,0
1,89099938c53ffff,87099938cffffff,0,0.07207229511263188,0
1,89099938c57ffff,87099938cffffff,0,0.00832015382581258,0
1,89099938c5bffff,87099938cffffff,0,0.0034703187522911105,0
1,89099938c63ffff,87099938cffffff,1,0.44721713206064106,0
1,89099938c67ffff,87099938cffffff,1,0.5876508109494856,1
1,89099938c6bffff,87099938cffffff,1,0.26245419654699026,0
1,89099938c6fffff,87099938cffffff,0,0.20107155804133886,0
1,89099938c73ffff,87099938cffffff,0,0.00832015382581258,0
1,89099938c77ffff,87099938cffffff,0,0.00832015382581258,0
1,89099938c7bffff,87099938cffffff,0,0.0034703187522911105,0
1,89099938c83ffff,87099938cffffff,1,0.640889510027744,1
1,89099938c87ffff,87099938cffffff,1,0.833951705273265,1
1,89099938c8bffff,87099938cffffff,0,0.25767571636317127,0
1,89099938c8fffff,87099938cffffff,0,0.4299542530234575,0
1,89099938c93ffff,87099938cffffff,0,0.00832015382581258,0
1,89099938c97ffff,87099938cffffff,0,0.016579204858267842,0
1,89099938c9bffff,87099938cffffff,0,0.0034703187522911105,0
1,89099938ca3ffff,87099938cffffff,1,0.16981715379083454,0
1,89099938ca7ffff,87099938cffffff,1,0.26245419654699026,0
1,89099938cabffff,87099938cffffff,0,0.04950642280660761,0
1,89099938cafffff,87099938cffffff,0,0.024435803799461468,0
1,89099938cb3ffff,87099938cffffff,0,0.12594724511671412,0
1,89099938cb7ffff,87099938cffffff,0,0.0034703187522911105,0
1,89099938cbbffff,87099938cffffff,0,0.0034703187522911105,0
1,89099938cc3ffff,87099938cffffff,0,0.3775929198318393,0
1,89099938cc7ffff,87099938cffffff,0,0.25767571636317127,0
1,89099938ccbffff,87099938cffffff,0,0.2547487859517953,0
1,89099938ccfffff,87099938cffffff,0,0.02752765032835718,0
1,89099938cd3ffff,87099938cffffff,0,0.0034703187522911105,0
1,89099938cd7ffff,87099938cffffff,0,0.0034703187522911105,0
1,89099938cdbffff,87099938cffffff,0,0.0034703187522911105,0
1,89099938d03ffff,87099938dffffff,0,0.011374252162843393,0
1,89099938d0bffff,87099938dffffff,0,0.04826765384043597,0
1,89099938d0fffff,87099938dffffff,0,0.0034703187522911105,0
1,89099938d13ffff,87099938dffffff,1,0.8311374835732033,1
1,89099938d1bffff,87099938dffffff,1,0.16981715379083454,0
1,89099938d43ffff,87099938dffffff,0,0.07207229511263188,0
1,89099938d47ffff,87099938dffffff,0,0.00832015382581258,0
1,89099938d4bffff,87099938dffffff,0,0.0034703187522911105,0
1,89099938d4fffff,87099938dffffff,0,0.0034703187522911105,0
1,89099938d53ffff,87099938dffffff,1,0.44721713206064106,0
1,89099938d57ffff,87099938dffffff,1,0.5876508109494856,1
1,89099938d5bffff,87099938dffffff,0,0.26245419654699026,0
1,89099938d63ffff,87099938dffffff,0,0.00832015382581258,0
1,89099938d67ffff,87099938dffffff,0,0.00832015382581258,0
1,89099938d6bffff,87099938dffffff,0,0.0034703187522911105,0
1,89099938d6fffff,87099938dffffff,0,0.0034703187522911105,0
1,89099938d73ffff,87099938dffffff,1,0.640889510027744,1
1,89099938d77ffff,87099938dffffff,0,0.833951705273265,1
1,89099938d7bffff,87099938dffffff,0,0.25767571636317127,0
1,89099938d83ffff,87099938dffffff,0,0.00832015382581258,0
1,89099938d8bffff,87099938dffffff,0,0.0034703187522911105,0
1,89099938d8fffff,87099938dffffff,0,0.0034703187522911105,0
1,89099938d93ffff,87099938dffffff,1,0.5876508109494856,1
1,89099938d9bffff,87099938dffffff,0,0.20107155804133886,0
1,89099938dc3ffff,87099938dffffff,0,0.0034703187522911105,0
1,89099938dc7ffff,87099938dffffff,0,0.0034703187522911105,0
1,89099938dcbffff,87099938dffffff,0,0.0034703187522911105,0
1,89099938dcfffff,87099938dffffff,0,0.0034703187522911105,0
1,89099938dd3ffff,87099938dffffff,0,0.26245419654699026,0
1,89099938dd7ffff,87099938dffffff,0,0.20107155804133886,0
1,89099938ddbffff,87099938dffffff,0,0.024435803799461468,0
1,89099939c03ffff,87099939cffffff,0,0.011374252162843393,0
1,89099939c07ffff,87099939cffffff,0,0.07207229511263188,0
1,89099939c0bffff,87099939cffffff,0,0.04826765384043597,0
1,89099939c0fffff,87099939cffffff,0,0.0034703187522911105,0
1,89099939c13ffff,87099939cffffff,1,0.8311374835732033,1
1,89099939c17ffff,87099939cffffff,1,0.44721713206064106,0
1,89099939c1bffff,87099939cffffff,1,0.16981715379083454,0
1,89099939c23ffff,87099939cffffff,0,0.011374252162843393,0
1,89099939c27ffff,87099939cffffff,0,0.00832015382581258,0
1,89099939c2bffff,87099939cffffff,0,0.12594724511671412,0
1,89099939c2fffff,87099939cffffff,1,0.0034703187522911105,0
1,89099939c33ffff,87099939cffffff,1,0.7142695861195049,1
1,89099939c37ffff,87099939cffffff,0,0.640889510027744,1
1,89099939c3bffff,87099939cffffff,0,0.3775929198318393,0
1,89099939c43ffff,87099939cffffff,0,0.07207229511263188,0
1,89099939c47ffff,87099939cffffff,0,0.00832015382581258,0
1,89099939c4bffff,87099939cffffff,0,0.0034703187522911105,0
1,89099939c4fffff,87099939cffffff,0,0.0034703187522911105,0
1,89099939c53ffff,87099939cffffff,1,0.44721713206064106,0
1,89099939c57ffff,87099939cffffff,0,0.5876508109494856,1
1,89099939c5bffff,87099939cffffff,1,0.26245419654699026,0
1,89099939c63ffff,87099939cffffff,0,0.00832015382581258,0
1,89099939c67ffff,87099939cffffff,0,0.00832015382581258,0
1,89099939c6bffff,87099939cffffff,0,0.0034703187522911105,0
1,89099939c6fffff,87099939cffffff,0,0.0034703187522911105,0
1,89099939c73ffff,87099939cffffff,1,0.640889510027744,1
1,89099939c77ffff,87099939cffffff,0,0.833951705273265,1
1,89099939c7bffff,87099939cffffff,0,0.25767571636317127,0
1,89099939c83ffff,87099939cffffff,0,0.00832015382581258,0
1,89099939c87ffff,87099939cffffff,0,0.016579204858267842,0
1,89099939c8bffff,87099939cffffff,0,0.0034703187522911105,0
1,89099939c8fffff,87099939cffffff,0,0.0034703187522911105,0
1,89099939c93ffff,87099939cffffff,0,0.5876508109494856,1
1,89099939c97ffff,87099939cffffff,1,0.39419927274358946,0
1,89099939c9bffff,87099939cffffff,0,0.20107155804133886,0
1,89099939ca3ffff,87099939cffffff,0,0.12594724511671412,0
1,89099939ca7ffff,87099939cffffff,0,0.0034703187522911105,0
1,89099939cabffff,87099939cffffff,0,0.0034703187522911105,0
1,89099939cafffff,87099939cffffff,0,0.0034703187522911105,0
1,89099939cb3ffff,87099939cffffff,0,0.3775929198318393,0
1,89099939cb7ffff,87099939cffffff,0,0.25767571636317127,0
1,89099939cbbffff,87099939cffffff,0,0.2547487859517953,0
1,89099939cc3ffff,87099939cffffff,0,0.0034703187522911105,0
1,89099939cc7ffff,87099939cffffff,0,0.0034703187522911105,0
1,89099939ccbffff,87099939cffffff,0,0.0034703187522911105,0
1,89099939ccfffff,87099939cffffff,0,0.0034703187522911105,0
1,89099939cd3ffff,87099939cffffff,1,0.26245419654699026,0
1,89099939cd7ffff,87099939cffffff,0,0.20107155804133886,0
1,89099939cdbffff,87099939cffffff,0,0.024435803799461468,0
1,8909993a323ffff,8709993a3ffffff,0,0.03294576320928383,0
1,8909993a327ffff,8709993a3ffffff,0,0.018353660610185205,0
1,8909993a32bffff,8709993a3ffffff,0,0.00832015382581258,0
1,8909993a32fffff,8709993a3ffffff,0,0.00832015382581258,0
1,8909993a337ffff,8709993a3ffffff,0,0.0034703187522911105,0
1,8909993a33bffff,8709993a3ffffff,0,0.34619452361504427,0
1,8909993a347ffff,8709993a3ffffff,1,0.011374252162843393,0
1,8909993a34bffff,8709993a3ffffff,0,0.00832015382581258,0
1,8909993a34fffff,8709993a3ffffff,0,0.04826765384043597,0
1,8909993a363ffff,8709993a3ffffff,0,0.018353660610185205,0
1,8909993a367ffff,8709993a3ffffff,0,0.011374252162843393,0
1,8909993a36bffff,8709993a3ffffff,0,0.00832015382581258,0
1,8909993a36fffff,8709993a3ffffff,0,0.12594724511671412,0
1,8909993a373ffff,8709993a3ffffff,0,0.0034703187522911105,0
1,8909993a377ffff,8709993a3ffffff,1,0.7142695861195049,1
1,8909993a37bffff,8709993a3ffffff,1,0.6081804813467744,1
1,8909993a803ffff,8709993a8ffffff,0,0.0034703187522911105,0
1,8909993a807ffff,8709993a8ffffff,1,0.8311374835732033,1
1,8909993a80bffff,8709993a8ffffff,0,0.5481782602048315,1
1,8909993a80fffff,8709993a8ffffff,0,0.16981715379083454,0
1,8909993a813ffff,8709993a8ffffff,0,0.018353660610185205,0
1,8909993a817ffff,8709993a8ffffff,0,0.011374252162843393,0
1,8909993a81bffff,8709993a8ffffff,0,0.00832015382581258,0
1,8909993a823ffff,8709993a8ffffff,0,0.0034703187522911105,0
1,8909993a827ffff,8709993a8ffffff,1,0.7142695861195049,1
1,8909993a82bffff,8709993a8ffffff,1,0.6081804813467744,1
1,8909993a82fffff,8709993a8ffffff,1,0.3775929198318393,0
1,8909993a833ffff,8709993a8ffffff,0,0.011374252162843393,0
1,8909993a837ffff,8709993a8ffffff,0,0.07207229511263188,0
1,8909993a83bffff,8709993a8ffffff,0,0.04826765384043597,0
1,8909993a843ffff,8709993a8ffffff,1,0.8311374835732033,1
1,8909993a847ffff,8709993a8ffffff,1,0.44721713206064106,0
1,8909993a84bffff,8709993a8ffffff,0,0.16981715379083454,0
1,8909993a84fffff,8709993a8ffffff,0,0.26245419654699026,0
1,8909993a853ffff,8709993a8ffffff,0,0.011374252162843393,0
1,8909993a857ffff,8709993a8ffffff,0,0.00832015382581258,0
1,8909993a85bffff,8709993a8ffffff,0,0.12594724511671412,0
1,8909993a863ffff,8709993a8ffffff,1,0.7142695861195049,1
1,8909993a867ffff,8709993a8ffffff,1,0.640889510027744,1
1,8909993a86bffff,8709993a8ffffff,0,0.3775929198318393,0
1,8909993a86fffff,8709993a8ffffff,0,0.25767571636317127,0
1,8909993a873ffff,8709993a8ffffff,0,0.07207229511263188,0
1,8909993a877ffff,8709993a8ffffff,0,0.00832015382581258,0
1,8909993a87bffff,8709993a8ffffff,0,0.0034703187522911105,0
1,8909993a883ffff,8709993a8ffffff,0,0.44721713206064106,0
1,8909993a887ffff,8709993a8ffffff,1,0.5876508109494856,1
1,8909993a88bffff,8709993a8ffffff,0,0.26245419654699026,0
1,8909993a88fffff,8709993a8ffffff,0,0.20107155804133886,0
1,8909993a893ffff,8709993a8ffffff,0,0.00832015382581258,0
1,8909993a897ffff,8709993a8ffffff,0,0.00832015382581258,0
1,8909993a89bffff,8709993a8ffffff,0,0.0034703187522911105,0
1,8909993a8a3ffff,8709993a8ffffff,1,0.6081804813467744,1
1,8909993a8abffff,8709993a8ffffff,0,0.2587827860802801,0
1,8909993a8afffff,8709993a8ffffff,0,0.2547487859517953,0
1,8909993a8b3ffff,8709993a8ffffff,0,0.04826765384043597,0
1,8909993a8bbffff,8709993a8ffffff,0,0.0034703187522911105,0
1,8909993a8c3ffff,8709993a8ffffff,1,0.16981715379083454,0
1,8909993a8c7ffff,8709993a8ffffff,1,0.26245419654699026,0
1,8909993a8cbffff,8709993a8ffffff,1,0.04950642280660761,0
1,8909993a8cfffff,8709993a8ffffff,0,0.024435803799461468,0
1,8909993a8d3ffff,8709993a8ffffff,0,0.12594724511671412,0
1,8909993a8d7ffff,8709993a8ffffff,0,0.0034703187522911105,0
1,8909993a8dbffff,8709993a8ffffff,0,0.0034703187522911105,0
2,89099938103ffff,870999381ffffff,0,0.007120861019454678,0
2,89099938107ffff,870999381ffffff,0,0.005430634844934066,0
2,8909993810bffff,870999381ffffff,0,0.06454322789711686,0
2,8909993810fffff,870999381ffffff,0,0.0737124992148997,0
2,89099938113ffff,870999381ffffff,0,0.00448667600351058,0
2,89099938117ffff,870999381ffffff,0,0.00448667600351058,0
2,8909993811bffff,870999381ffffff,0,0.00448667600351058,0
2,89099938123ffff,870999381ffffff,0,0.005249281292659611,0
2,89099938127ffff,870999381ffffff,1,0.02976214380641402,0
2,8909993812bffff,870999381ffffff,0,0.026552238502258883,0
2,8909993812fffff,870999381ffffff,0,0.011610181890505545,0
2,89099938133ffff,870999381ffffff,0,0.00448667600351058,0
2,89099938137ffff,870999381ffffff,0,0.00448667600351058,0
2,8909993813bffff,870999381ffffff,0,0.00448667600351058,0
2,89099938143ffff,870999381ffffff,0,0.005430634844934066,0
2,89099938147ffff,870999381ffffff,0,0.30409554046718307,0
2,8909993814bffff,870999381ffffff,0,0.0737124992148997,0
2,8909993814fffff,870999381ffffff,0,0.033468058569935,0
2,89099938153ffff,870999381ffffff,0,0.00448667600351058,0
2,89099938157ffff,870999381ffffff,0,0.00448667600351058,0
2,8909993815bffff,870999381ffffff,1,0.9355612002578032,1
2,89099938163ffff,870999381ffffff,0,0.02976214380641402,0
2,89099938167ffff,870999381ffffff,0,0.07859666530990796,0
2,8909993816bffff,870999381ffffff,0,0.011610181890505545,0
2,8909993816fffff,870999381ffffff,0,0.008860370122914992,0
2,89099938173ffff,870999381ffffff,0,0.00448667600351058,0
2,89099938177ffff,870999381ffffff,0,0.00448667600351058,0
2,8909993817bffff,870999381ffffff,1,0.7225205564576324,1
2,89099938183ffff,870999381ffffff,0,0.30409554046718307,0
2,89099938187ffff,870999381ffffff,0,0.09069156670994949,0
2,8909993818bffff,870999381ffffff,0,0.033468058569935,0
2,8909993818fffff,870999381ffffff,0,0.008860370122914992,0
2,89099938193ffff,870999381ffffff,0,0.00448667600351058,0
2,89099938197ffff,870999381ffffff,0,0.00448667600351058,0
2,8909993819bffff,870999381ffffff,1,0.49119889636379443,0
2,890999381a3ffff,870999381ffffff,0,0.026552238502258883,0
2,890999381a7ffff,870999381ffffff,0,0.011610181890505545,0
2,890999381abffff,870999381ffffff,0,0.008860370122914992,0
2,890999381afffff,870999381ffffff,0,0.08447230395546357,0
2,890999381b3ffff,870999381ffffff,0,0.00448667600351058,0
2,890999381b7ffff,870999381ffffff,1,0.7225205564576324,1
2,890999381bbffff,870999381ffffff,1,0.6692268548993744,1
2,890999381c3ffff,870999381ffffff,0,0.0737124992148997,0
2,890999381c7ffff,870999381ffffff,0,0.033468058569935,0
2,890999381cbffff,870999381ffffff,0,0.04276928832872115,0
2,890999381cfffff,870999381ffffff,0,0.0141032062155636,0
2,890999381d3ffff,870999381ffffff,0,0.9355612002578032,1
2,890999381d7ffff,870999381ffffff,0,0.49119889636379443,0
2,890999381dbffff,870999381ffffff,0,0.3893267362294477,0
2,89099938403ffff,870999384ffffff,0,0.00448667600351058,0
2,89099938407ffff,870999384ffffff,0,0.00448667600351058,0
2,8909993840bffff,870999384ffffff,0,0.00448667600351058,0
2,8909993840fffff,870999384ffffff,1,0.7225205564576324,1
2,89099938413ffff,870999384ffffff,0,0.005430634844934066,0
2,89099938417ffff,870999384ffffff,1,0.30409554046718307,0
2,8909993841bffff,870999384ffffff,0,0.0737124992148997,0
2,89099938423ffff,870999384ffffff,0,0.00448667600351058,0
2,89099938427ffff,870999384ffffff,0,0.00448667600351058,0
2,8909993842bffff,870999384ffffff,1,0.9355612002578032,1
2,8909993842fffff,870999384ffffff,0,0.49119889636379443,0
2,89099938433ffff,870999384ffffff,0,0.02976214380641402,0
2,89099938437ffff,870999384ffffff,0,0.07859666530990796,0
2,8909993843bffff,870999384ffffff,0,0.011610181890505545,0
2,89099938443ffff,870999384ffffff,0,0.00448667600351058,0
2,89099938447ffff,870999384ffffff,0,0.00448667600351058,0
2,8909993844bffff,870999384ffffff,1,0.7225205564576324,1
2,8909993844fffff,870999384ffffff,0,0.6841923531954731,1
2,89099938453ffff,870999384ffffff,0,0.30409554046718307,0
2,89099938457ffff,870999384ffffff,0,0.09069156670994949,0
2,8909993845bffff,870999384ffffff,0,0.033468058569935,0
2,89099938463ffff,870999384ffffff,0,0.00448667600351058,0
2,89099938467ffff,870999384ffffff,0,0.00448667600351058,0
2,8909993846bffff,870999384ffffff,0,0.49119889636379443,0
2,8909993846fffff,870999384ffffff,0,0.6289191009630711,1
2,89099938473ffff,870999384ffffff,0,0.07859666530990796,0
2,89099938477ffff,870999384ffffff,0,0.10513394240309007,0
2,8909993847bffff,870999384ffffff,0,0.008860370122914992,0
2,89099938483ffff,870999384ffffff,0,0.00448667600351058,0
2,89099938487ffff,870999384ffffff,1,0.9765554217537336,1
2,8909993848bffff,870999384ffffff,1,0.6841923531954731,1
2,8909993848fffff,870999384ffffff,1,0.7616800310126781,1
2,890999384a3ffff,870999384ffffff,0,0.9355612002578032,1
2,890999384a7ffff,870999384ffffff,1,0.49119889636379443,0
2,890999384abffff,870999384ffffff,0,0.3893267362294477,0
2,890999384afffff,870999384ffffff,0,0.3713404212805452,0
2,890999384b3ffff,870999384ffffff,0,0.011610181890505545,0
2,890999384b7ffff,870999384ffffff,0,0.008860370122914992,0
2,890999384bbffff,870999384ffffff,0,0.08447230395546357,0
2,890999384c3ffff,870999384ffffff,0,0.7225205564576324,1
2,890999384c7ffff,870999384ffffff,0,0.6841923531954731,1
2,890999384cbffff,870999384ffffff,0,0.2815594046791617,0
2,890999384cfffff,870999384ffffff,0,0.16896714346305416,0
2,890999384d7ffff,870999384ffffff,0,0.008860370122914992,0
2,890999384dbffff,870999384ffffff,0,0.0141032062155636,0
2,89099938503ffff,870999385ffffff,0,0.005430634844934066,0
2,89099938507ffff,870999385ffffff,0,0.30409554046718307,0
2,8909993850bffff,870999385ffffff,0,0.0737124992148997,0
2,8909993850fffff,870999385ffffff,1,0.033468058569935,0
2,89099938513ffff,870999385ffffff,0,0.00448667600351058,0
2,89099938517ffff,870999385ffffff,0,0.00448667600351058,0
2,8909993851bffff,870999385ffffff,1,0.9355612002578032,1
2,89099938523ffff,870999385ffffff,1,0.02976214380641402,0
2,89099938527ffff,870999385ffffff,0,0.07859666530990796,0
2,8909993852bffff,870999385ffffff,0,0.011610181890505545,0
2,8909993852fffff,870999385ffffff,0,0.008860370122914992,0
2,89099938533ffff,870999385ffffff,0,0.00448667600351058,0
2,89099938537ffff,870999385ffffff,0,0.00448667600351058,0
2,8909993853bffff,870999385ffffff,1,0.7225205564576324,1
2,89099938543ffff,870999385ffffff,0,0.30409554046718307,0
2,89099938547ffff,870999385ffffff,0,0.09069156670994949,0
2,8909993854bffff,870999385ffffff,0,0.033468058569935,0
2,8909993854fffff,870999385ffffff,0,0.008860370122914992,0
2,89099938553ffff,870999385ffffff,0,0.00448667600351058,0
2,89099938557ffff,870999385ffffff,0,0.00448667600351058,0
2,8909993855bffff,870999385ffffff,1,0.49119889636379443,0
2,89099938563ffff,870999385ffffff,0,0.07859666530990796,0
2,89099938567ffff,870999385ffffff,0,0.10513394240309007,0
2,8909993856bffff,870999385ffffff,0,0.008860370122914992,0
2,8909993856fffff,870999385ffffff,0,0.008860370122914992,0
2,89099938573ffff,870999385ffffff,0,0.00448667600351058,0
2,89099938577ffff,870999385ffffff,1,0.9765554217537336,1
2,8909993857bffff,870999385ffffff,1,0.6841923531954731,1
2,89099938583ffff,870999385ffffff,0,0.09069156670994949,0
2,89099938587ffff,870999385ffffff,0,0.011610181890505545,0
2,8909993858bffff,870999385ffffff,0,0.008860370122914992,0
2,8909993858fffff,870999385ffffff,0,0.026289215227758865,0
2,89099938593ffff,870999385ffffff,0,0.00448667600351058,0
2,89099938597ffff,870999385ffffff,1,0.5413486494249071,1
2,8909993859bffff,870999385ffffff,1,0.6289191009630711,1
2,890999385a3ffff,870999385ffffff,0,0.011610181890505545,0
2,890999385a7ffff,870999385ffffff,0,0.008860370122914992,0
2,890999385abffff,870999385ffffff,0,0.08447230395546357,0
2,890999385afffff,870999385ffffff,0,0.033641128333906194,0
2,890999385b3ffff,870999385ffffff,1,0.7225205564576324,1
2,890999385b7ffff,870999385ffffff,0,0.6841923531954731,1
2,890999385bbffff,870999385ffffff,1,0.2815594046791617,0
2,890999385c3ffff,870999385ffffff,0,0.033468058569935,0
2,890999385c7ffff,870999385ffffff,0,0.008860370122914992,0
2,890999385cbffff,870999385ffffff,0,0.0141032062155636,0
2,890999385cfffff,870999385ffffff,0,0.00448667600351058,0
2,890999385d3ffff,870999385ffffff,1,0.49119889636379443,0
2,890999385d7ffff,870999385ffffff,0,0.6289191009630711,1
2,890999385dbffff,870999385ffffff,0,0.3713404212805452,0
2,89099939103ffff,870999391ffffff,0,0.00448667600351058,0
2,89099939107ffff,870999391ffffff,0,0.00448667600351058,0
2,8909993910bffff,870999391ffffff,0,0.00448667600351058,0
2,8909993910fffff,870999391ffffff,1,0.9355612002578032,1
2,89099939113ffff,870999391ffffff,1,0.005249281292659611,0
2,89099939117ffff,870999391ffffff,0,0.02976214380641402,0
2,8909993911bffff,870999391ffffff,0,0.026552238502258883,0
2,89099939123ffff,870999391ffffff,0,0.00448667600351058,0
2,89099939127ffff,870999391ffffff,0,0.00448667600351058,0
2,8909993912bffff,870999391ffffff,0,0.00448667600351058,0
2,8909993912fffff,870999391ffffff,0,0.7225205564576324,1
2,89099939133ffff,870999391ffffff,0,0.005430634844934066,0
2,89099939137ffff,870999391ffffff,0,0.30409554046718307,0
2,8909993913bffff,870999391ffffff,0,0.0737124992148997,0
2,89099939163ffff,870999391ffffff,0,0.00448667600351058,0
2,89099939167ffff,870999391ffffff,0,0.00448667600351058,0
2,8909993916fffff,870999391ffffff,1,0.6841923531954731,1
2,89099939173ffff,870999391ffffff,0,0.30409554046718307,0
2,89099939177ffff,870999391ffffff,0,0.09069156670994949,0
2,89099939183ffff,870999391ffffff,0,0.00448667600351058,0
2,89099939187ffff,870999391ffffff,0,0.00448667600351058,0
2,8909993918bffff,870999391ffffff,0,0.49119889636379443,0
2,8909993918fffff,870999391ffffff,1,0.6289191009630711,1
2,89099939193ffff,870999391ffffff,0,0.07859666530990796,0
2,89099939197ffff,870999391ffffff,0,0.10513394240309007,0
2,8909993919bffff,870999391ffffff,0,0.008860370122914992,0
2,890999391a3ffff,870999391ffffff,0,0.00448667600351058,0
2,890999391a7ffff,870999391ffffff,1,0.7225205564576324,1
2,890999391abffff,870999391ffffff,1,0.6692268548993744,1
2,890999391afffff,870999391ffffff,0,0.2815594046791617,0
2,890999391b3ffff,870999391ffffff,0,0.0737124992148997,0
2,890999391b7ffff,870999391ffffff,0,0.033468058569935,0
2,890999391bbffff,870999391ffffff,0,0.04276928832872115,0
2,89099939883ffff,870999398ffffff,0,0.011610181890505545,0
2,89099939887ffff,870999398ffffff,0,0.008860370122914992,0
2,8909993988bffff,870999398ffffff,0,0.026289215227758865,0
2,8909993988fffff,870999398ffffff,0,0.0141032062155636,0
2,89099939893ffff,870999398ffffff,0,0.5413486494249071,1
2,89099939897ffff,870999398ffffff,1,0.26409434444192265,0
2,8909993989bffff,870999398ffffff,0,0.464547692339227,0
2,890999398b3ffff,870999398ffffff,1,0.6841923531954731,1
2,890999398b7ffff,870999398ffffff,0,0.7616800310126781,1
2,890999398c3ffff,870999398ffffff,0,0.008860370122914992,0
2,890999398c7ffff,870999398ffffff,0,0.026289215227758865,0
2,890999398cbffff,870999398ffffff,0,0.00448667600351058,0
2,890999398d3ffff,870999398ffffff,0,0.6289191009630711,1
2,890999398d7ffff,870999398ffffff,1,0.464547692339227,0
2,890999398dbffff,870999398ffffff,0,0.1409055246559318,0
2,8909993ac23ffff,8709993acffffff,1,0.2342122413428302,0
2,8909993ac27ffff,8709993acffffff,0,0.6692268548993744,1
2,8909993ac2bffff,8709993acffffff,0,0.431068339853379,0
2,8909993ac2fffff,8709993acffffff,0,0.2713663385301654,0
2,8909993ac63ffff,8709993acffffff,0,0.6692268548993744,1
2,8909993ac67ffff,8709993acffffff,1,0.2815594046791617,0
2,8909993ac6bffff,8709993acffffff,0,0.2713663385301654,0
2,8909993ac6fffff,8709993acffffff,1,0.10288487732880756,0
2,8909993ac77ffff,8709993acffffff,0,0.0141032062155636,0
2,8909993ac7bffff,8709993acffffff,0,0.00448667600351058,0
3,89099938203ffff,870999382ffffff,0,0.004080975976983114,0
3,89099938207ffff,870999382ffffff,0,0.004080975976983114,0
3,8909993820bffff,870999382ffffff,0,0.004080975976983114,0
3,8909993820fffff,870999382ffffff,1,0.8305053716353007,1
3,89099938213ffff,870999382ffffff,0,0.21453481139602626,0
3,89099938217ffff,870999382ffffff,0,0.1964360461221613,0
3,8909993821bffff,870999382ffffff,0,0.01904466436313258,0
3,89099938223ffff,870999382ffffff,0,0.004080975976983114,0
3,89099938227ffff,870999382ffffff,0,0.004080975976983114,0
3,8909993822bffff,870999382ffffff,0,0.004080975976983114,0
3,8909993822fffff,870999382ffffff,1,0.7459423160855334,1
3,89099938233ffff,870999382ffffff,0,0.007450387842608431,0
3,89099938237ffff,870999382ffffff,0,0.193698475811562,0
3,8909993823bffff,870999382ffffff,0,0.04072817302331993,0
3,89099938243ffff,870999382ffffff,0,0.004080975976983114,0
3,89099938247ffff,870999382ffffff,0,0.004080975976983114,0
3,8909993824bffff,870999382ffffff,1,0.8305053716353007,1
3,8909993824fffff,870999382ffffff,0,0.5801516659364759,1
3,89099938253ffff,870999382ffffff,0,0.1964360461221613,0
3,89099938257ffff,870999382ffffff,0,0.06853029707535872,0
3,8909993825bffff,870999382ffffff,0,0.011807702096125467,0
3,89099938263ffff,870999382ffffff,0,0.004080975976983114,0
3,89099938267ffff,870999382ffffff,0,0.004080975976983114,0
3,8909993826bffff,870999382ffffff,1,0.7459423160855334,1
3,8909993826fffff,870999382ffffff,1,0.6097977471814751,1
3,89099938273ffff,870999382ffffff,1,0.193698475811562,0
3,89099938277ffff,870999382ffffff,0,0.06339544634817071,0
3,8909993827bffff,870999382ffffff,0,0.029522878607346353,0
3,89099938283ffff,870999382ffffff,0,0.004080975976983114,0
3,89099938287ffff,870999382ffffff,0,0.004080975976983114,0
3,8909993828bffff,870999382ffffff,0,0.5801516659364759,1
3,8909993828fffff,870999382ffffff,0,0.6601430334515533,1
3,89099938293ffff,870999382ffffff,0,0.06853029707535872,0
3,89099938297ffff,870999382ffffff,0,0.01904466436313258,0
3,8909993829bffff,870999382ffffff,0,0.006728370600976319,0
3,890999382a3ffff,870999382ffffff,0,0.004080975976983114,0
3,890999382a7ffff,870999382ffffff,0,0.7459423160855334,1
3,890999382abffff,870999382ffffff,0,0.6853999759614515,1
3,890999382afffff,870999382ffffff,1,0.2860639165520397,0
3,890999382b3ffff,870999382ffffff,0,0.04072817302331993,0
3,890999382b7ffff,870999382ffffff,1,0.029522878607346353,0
3,890999382bbffff,870999382ffffff,1,0.006728370600976319,0
3,890999382c3ffff,870999382ffffff,1,0.8305053716353007,1
3,890999382c7ffff,870999382ffffff,0,0.5801516659364759,1
3,890999382cbffff,870999382ffffff,0,0.40840803781121976,0
3,890999382cfffff,870999382ffffff,0,0.442853259415955,0
3,890999382d3ffff,870999382ffffff,0,0.011807702096125467,0
3,890999382d7ffff,870999382ffffff,0,0.006728370600976319,0
3,890999382dbffff,870999382ffffff,0,0.03303591824036101,0
3,89099938603ffff,870999386ffffff,0,0.004080975976983114,0
3,89099938607ffff,870999386ffffff,0,0.004080975976983114,0
3,8909993860bffff,870999386ffffff,1,0.8305053716353007,1
3,8909993860fffff,870999386ffffff,0,0.5801516659364759,1
3,89099938613ffff,870999386ffffff,0,0.1964360461221613,0
3,89099938617ffff,870999386ffffff,0,0.06853029707535872,0
3,8909993861bffff,870999386ffffff,0,0.011807702096125467,0
3,89099938623ffff,870999386ffffff,0,0.004080975976983114,0
3,89099938627ffff,870999386ffffff,0,0.004080975976983114,0
3,8909993862bffff,870999386ffffff,1,0.7459423160855334,1
3,8909993862fffff,870999386ffffff,1,0.6097977471814751,1
3,89099938633ffff,870999386ffffff,0,0.193698475811562,0
3,89099938637ffff,870999386ffffff,0,0.06339544634817071,0
3,8909993863bffff,870999386ffffff,0,0.029522878607346353,0
3,89099938643ffff,870999386ffffff,0,0.004080975976983114,0
3,89099938647ffff,870999386ffffff,0,0.004080975976983114,0
3,8909993864bffff,870999386ffffff,1,0.5801516659364759,1
3,8909993864fffff,870999386ffffff,1,0.6601430334515533,1
3,89099938653ffff,870999386ffffff,0,0.06853029707535872,0
3,89099938657ffff,870999386ffffff,1,0.01904466436313258,0
3,8909993865bffff,870999386ffffff,0,0.006728370600976319,0
3,89099938663ffff,870999386ffffff,0,0.004080975976983114,0
3,89099938667ffff,870999386ffffff,1,0.9804696657810789,1
3,8909993866bffff,870999386ffffff,1,0.6097977471814751,1
3,8909993866fffff,870999386ffffff,1,0.6713887625345739,1
3,89099938673ffff,870999386ffffff,0,0.06339544634817071,0
3,89099938677ffff,870999386ffffff,0,0.011807702096125467,0
3,8909993867bffff,870999386ffffff,0,0.006728370600976319,0
3,89099938683ffff,870999386ffffff,0,0.004080975976983114,0
3,89099938687ffff,870999386ffffff,0,0.6234112541726399,1
3,8909993868bffff,870999386ffffff,1,0.6601430334515533,1
3,8909993868fffff,870999386ffffff,0,0.6195664356066958,1
3,89099938693ffff,870999386ffffff,0,0.01904466436313258,0
3,89099938697ffff,870999386ffffff,0,0.011807702096125467,0
3,8909993869bffff,870999386ffffff,0,0.006728370600976319,0
3,890999386a3ffff,870999386ffffff,1,0.7459423160855334,1
3,890999386a7ffff,870999386ffffff,0,0.6097977471814751,1
3,890999386abffff,870999386ffffff,0,0.2860639165520397,0
3,890999386afffff,870999386ffffff,0,0.10596386670072752,0
3,890999386b3ffff,870999386ffffff,0,0.029522878607346353,0
3,890999386b7ffff,870999386ffffff,0,0.006728370600976319,0
3,890999386bbffff,870999386ffffff,0,0.01073483690516834,0
3,890999386c3ffff,870999386ffffff,0,0.5801516659364759,1
3,890999386c7ffff,870999386ffffff,0,0.6601430334515533,1
3,890999386cbffff,870999386ffffff,0,0.442853259415955,0
3,890999386cfffff,870999386ffffff,0,0.05500082309342013,0
3,890999386d3ffff,870999386ffffff,0,0.006728370600976319,0
3,890999386d7ffff,870999386ffffff,0,0.006728370600976319,0
3,890999386dbffff,870999386ffffff,0,0.04135099266709348,0
3,89099938a13ffff,87099938affffff,0,0.01904466436313258,0
3,89099938a17ffff,87099938affffff,0,0.011807702096125467,0
3,89099938a1bffff,87099938affffff,0,0.006728370600976319,0
3,89099938a83ffff,87099938affffff,1,0.5801516659364759,1
3,89099938a87ffff,87099938affffff,1,0.6601430334515533,1
3,89099938a8bffff,87099938affffff,0,0.442853259415955,0
3,89099938a8fffff,87099938affffff,0,0.05500082309342013,0
3,89099938a93ffff,87099938affffff,0,0.006728370600976319,0
3,89099938a97ffff,87099938affffff,0,0.006728370600976319,0
3,89099938a9bffff,87099938affffff,0,0.04135099266709348,0
3,89099938aa3ffff,87099938affffff,0,0.6853999759614515,1
3,89099938ab3ffff,87099938affffff,0,0.006728370600976319,0
3,89099938ab7ffff,87099938affffff,0,0.01073483690516834,0
3,89099938abbffff,87099938affffff,0,0.004080975976983114,0
3,89099938ac3ffff,87099938affffff,0,0.40840803781121976,0
3,89099938ac7ffff,87099938affffff,1,0.442853259415955,0
3,89099938acbffff,87099938affffff,0,0.158576263049754,0
3,89099938acfffff,87099938affffff,0,0.026773271794239543,0
3,89099938ad3ffff,87099938affffff,0,0.03303591824036101,0
3,89099938ad7ffff,87099938affffff,0,0.04135099266709348,0
3,89099938adbffff,87099938affffff,0,0.004080975976983114,0
3,89099939d03ffff,87099939dffffff,1,0.8305053716353007,1
3,89099939d07ffff,87099939dffffff,1,0.5801516659364759,1
3,89099939d0bffff,87099939dffffff,0,0.40840803781121976,0
3,89099939d0fffff,87099939dffffff,0,0.442853259415955,0
3,89099939d13ffff,87099939dffffff,0,0.011807702096125467,0
3,89099939d17ffff,87099939dffffff,0,0.006728370600976319,0
3,89099939d1bffff,87099939dffffff,1,0.03303591824036101,0
3,89099939d23ffff,87099939dffffff,1,0.7459423160855334,1
3,89099939d27ffff,87099939dffffff,1,0.6097977471814751,1
3,89099939d2bffff,87099939dffffff,0,0.2860639165520397,0
3,89099939d33ffff,87099939dffffff,0,0.029522878607346353,0
3,89099939d37ffff,87099939dffffff,0,0.006728370600976319,0
3,89099939d3bffff,87099939dffffff,0,0.01073483690516834,0
3,89099939d43ffff,87099939dffffff,0,0.5801516659364759,1
3,89099939d47ffff,87099939dffffff,0,0.6601430334515533,1
3,89099939d4bffff,87099939dffffff,0,0.442853259415955,0
3,89099939d4fffff,87099939dffffff,1,0.05500082309342013,0
3,89099939d53ffff,87099939dffffff,0,0.006728370600976319,0
3,89099939d57ffff,87099939dffffff,0,0.006728370600976319,0
3,89099939d5bffff,87099939dffffff,0,0.04135099266709348,0
3,89099939d63ffff,87099939dffffff,1,0.6097977471814751,1
3,89099939d73ffff,87099939dffffff,0,0.006728370600976319,0
3,89099939d77ffff,87099939dffffff,0,0.006728370600976319,0
3,89099939d7bffff,87099939dffffff,0,0.004080975976983114,0
3,89099939d83ffff,87099939dffffff,0,0.6601430334515533,1
3,89099939d87ffff,87099939dffffff,0,0.6195664356066958,1
3,89099939d8bffff,87099939dffffff,0,0.05500082309342013,0
3,89099939d8fffff,87099939dffffff,0,0.1403333983921816,0
3,89099939d93ffff,87099939dffffff,0,0.006728370600976319,0
3,89099939d97ffff,87099939dffffff,0,0.01073483690516834,0
3,89099939d9bffff,87099939dffffff,0,0.004080975976983114,0
3,89099939da3ffff,87099939dffffff,0,0.2860639165520397,0
3,89099939da7ffff,87099939dffffff,0,0.10596386670072752,0
3,89099939dabffff,87099939dffffff,0,0.18986232016220878,0
3,89099939dafffff,87099939dffffff,0,0.032048249797501954,0
3,89099939db3ffff,87099939dffffff,0,0.01073483690516834,0
3,89099939db7ffff,87099939dffffff,0,0.004080975976983114,0
3,89099939dbbffff,87099939dffffff,0,0.004080975976983114,0
3,89099939dc3ffff,87099939dffffff,0,0.442853259415955,0
3,89099939dc7ffff,87099939dffffff,0,0.05500082309342013,0
3,89099939dcbffff,87099939dffffff,0,0.026773271794239543,0
3,89099939dcfffff,87099939dffffff,0,0.018990703015990474,0
3,89099939dd3ffff,87099939dffffff,0,0.04135099266709348,0
3,89099939dd7ffff,87099939dffffff,0,0.004080975976983114,0
3,89099939ddbffff,87099939dffffff,0,0.004080975976983114,0
3,89099939e03ffff,87099939effffff,0,0.011807702096125467,0
3,89099939e07ffff,87099939effffff,0,0.006728370600976319,0
3,89099939e0bffff,87099939effffff,0,0.03303591824036101,0
3,89099939e0fffff,87099939effffff,0,0.04135099266709348,0
3,89099939e13ffff,87099939effffff,0,0.7459423160855334,1
3,89099939e17ffff,87099939effffff,1,0.6097977471814751,1
3,89099939e1bffff,87099939effffff,1,0.2860639165520397,0
3,89099939e33ffff,87099939effffff,0,0.5801516659364759,1
3,89099939e37ffff,87099939effffff,0,0.6601430334515533,1
3,89099939e3bffff,87099939effffff,0,0.442853259415955,0
3,89099939e47ffff,87099939effffff,0,0.006728370600976319,0
3,89099939e57ffff,87099939effffff,1,0.6713887625345739,1
3,89099939e73ffff,87099939effffff,1,0.6601430334515533,1
3,89099939e83ffff,87099939effffff,0,0.006728370600976319,0
3,89099939e87ffff,87099939effffff,0,0.01073483690516834,0
3,89099939e8bffff,87099939effffff,0,0.004080975976983114,0
3,89099939e8fffff,87099939effffff,0,0.004080975976983114,0
3,89099939e93ffff,87099939effffff,1,0.6713887625345739,1
3,89099939e97ffff,87099939effffff,0,0.7696432232886291,1
3,89099939e9bffff,87099939effffff,0,0.2528169164675406,0
3,89099939ea3ffff,87099939effffff,0,0.01073483690516834,0
3,89099939ea7ffff,87099939effffff,0,0.004080975976983114,0
3,89099939eabffff,87099939effffff,0,0.004080975976983114,0
3,89099939eafffff,87099939effffff,0,0.004080975976983114,0
3,89099939eb3ffff,87099939effffff,0,0.442853259415955,0
3,89099939eb7ffff,87099939effffff,1,0.05500082309342013,0
3,89099939ebbffff,87099939effffff,0,0.026773271794239543,0
3,89099939ec3ffff,87099939effffff,0,0.04135099266709348,0
3,89099939ec7ffff,87099939effffff,0,0.004080975976983114,0
3,89099939ecfffff,87099939effffff,0,0.004080975976983114,0
3,89099939ed3ffff,87099939effffff,1,0.10596386670072752,0
3,89099939ed7ffff,87099939effffff,1,0.2528169164675406,0
4,8909993891bffff,870999389ffffff,1,0.45994992275593716,0
4,89099938953ffff,870999389ffffff,0,0.0022832916677127473,0
4,89099938957ffff,870999389ffffff,0,0.6205092390018557,1
4,8909993895bffff,870999389ffffff,0,0.5556081854825695,1
4,890999389c3ffff,870999389ffffff,0,0.006390555422815185,0
4,890999389c7ffff,870999389ffffff,0,0.02695011540714539,0
4,890999389cbffff,870999389ffffff,0,0.0022832916677127473,0
4,890999389cfffff,870999389ffffff,0,0.0022832916677127473,0
4,890999389d3ffff,870999389ffffff,1,0.5556081854825695,1
4,890999389d7ffff,870999389ffffff,1,0.33305544724547476,0
4,890999389dbffff,870999389ffffff,0,0.14099998653891552,0
4,89099938e03ffff,87099938effffff,1,0.8610529749187521,1
4,89099938e07ffff,87099938effffff,1,0.45994992275593716,0
4,89099938e0bffff,87099938effffff,0,0.33305544724547476,0
4,89099938e0fffff,87099938effffff,0,0.3181814216854059,0
4,89099938e13ffff,87099938effffff,0,0.00807630800249604,0
4,89099938e17ffff,87099938effffff,0,0.006390555422815185,0
4,89099938e1bffff,87099938effffff,1,0.038564335961408784,0
4,89099938e23ffff,87099938effffff,1,0.7298843825978545,1
4,89099938e27ffff,87099938effffff,0,0.7146053118450306,1
4,89099938e2bffff,87099938effffff,1,0.2756986639123296,0
4,89099938e2fffff,87099938effffff,0,0.14404879076820096,0
4,89099938e33ffff,87099938effffff,0,0.06469562502808403,0
4,89099938e37ffff,87099938effffff,0,0.006390555422815185,0
4,89099938e3bffff,87099938effffff,0,0.012378516380212964,0
4,89099938e43ffff,87099938effffff,1,0.45994992275593716,0
4,89099938e47ffff,87099938effffff,1,0.5556081854825695,1
4,89099938e4bffff,87099938effffff,1,0.3181814216854059,0
4,89099938e4fffff,87099938effffff,0,0.14099998653891552,0
4,89099938e53ffff,87099938effffff,0,0.006390555422815185,0
4,89099938e57ffff,87099938effffff,0,0.006390555422815185,0
4,89099938e5bffff,87099938effffff,0,0.040695065761637866,0
4,89099938e63ffff,87099938effffff,0,0.7146053118450306,1
4,89099938e67ffff,87099938effffff,1,0.7082083759347764,1
4,89099938e6bffff,87099938effffff,0,0.14404879076820096,0
4,89099938e6fffff,87099938effffff,1,0.2209669658265585,0
4,89099938e73ffff,87099938effffff,0,0.006390555422815185,0
4,89099938e77ffff,87099938effffff,0,0.02695011540714539,0
4,89099938e7bffff,87099938effffff,0,0.0022832916677127473,0
4,89099938e83ffff,87099938effffff,1,0.5556081854825695,1
4,89099938e87ffff,87099938effffff,1,0.33305544724547476,0
4,89099938e8bffff,87099938effffff,0,0.14099998653891552,0
4,89099938e8fffff,87099938effffff,0,0.09015280593509578,0
4,89099938e93ffff,87099938effffff,0,0.006390555422815185,0
4,89099938e97ffff,87099938effffff,0,0.012378516380212964,0
4,89099938e9bffff,87099938effffff,0,0.0022832916677127473,0
4,89099938ea3ffff,87099938effffff,1,0.2756986639123296,0
4,89099938ea7ffff,87099938effffff,0,0.14404879076820096,0
4,89099938eabffff,87099938effffff,1,0.19052750349906666,0
4,89099938eafffff,87099938effffff,0,0.03368728145608789,0
4,89099938eb3ffff,87099938effffff,0,0.012378516380212964,0
4,89099938eb7ffff,87099938effffff,0,0.0022832916677127473,0
4,89099938ebbffff,87099938effffff,0,0.0022832916677127473,0
4,89099938ec3ffff,87099938effffff,0,0.3181814216854059,0
4,89099938ec7ffff,87099938effffff,0,0.14099998653891552,0
4,89099938ecbffff,87099938effffff,0,0.02281191503348766,0
4,89099938ecfffff,87099938effffff,0,0.03643927723141443,0
4,89099938ed3ffff,87099938effffff,0,0.040695065761637866,0
4,89099938ed7ffff,87099938effffff,0,0.0022832916677127473,0
4,89099938edbffff,87099938effffff,0,0.0022832916677127473,0
4,8909993aa03ffff,8709993aaffffff,1,0.9707844873034662,1
4,8909993aa07ffff,8709993aaffffff,0,0.4959510452499288,0
4,8909993aa0bffff,8709993aaffffff,1,0.32067280789898034,0
4,8909993aa0fffff,8709993aaffffff,0,0.10608134740758797,0
4,8909993aa13ffff,8709993aaffffff,0,0.04828544596657477,0
4,8909993aa17ffff,8709993aaffffff,0,0.006390555422815185,0
4,8909993aa1bffff,8709993aaffffff,0,0.012378516380212964,0
4,8909993aa23ffff,8709993aaffffff,1,0.9580418961989569,1
4,8909993aa27ffff,8709993aaffffff,1,0.31521534462027395,0
4,8909993aa2bffff,8709993aaffffff,0,0.362942907429103,0
4,8909993aa2fffff,8709993aaffffff,0,0.12119960230583973,0
4,8909993aa33ffff,8709993aaffffff,0,0.006390555422815185,0
4,8909993aa37ffff,8709993aaffffff,0,0.006390555422815185,0
4,8909993aa3bffff,8709993aaffffff,0,0.016824767214600356,0
4,8909993aa43ffff,8709993aaffffff,0,0.4959510452499288,0
4,8909993aa47ffff,8709993aaffffff,1,0.5491703609531497,1
4,8909993aa4bffff,8709993aaffffff,0,0.10608134740758797,0
4,8909993aa4fffff,8709993aaffffff,0,0.07944088393575867,0
4,8909993aa53ffff,8709993aaffffff,0,0.006390555422815185,0
4,8909993aa57ffff,8709993aaffffff,0,0.059321421249141186,0
4,8909993aa5bffff,8709993aaffffff,0,0.025776041674064703,0
4,8909993aa63ffff,8709993aaffffff,1,0.31521534462027395,0
4,8909993aa67ffff,8709993aaffffff,0,0.33305544724547476,0
4,8909993aa6bffff,8709993aaffffff,0,0.12119960230583973,0
4,8909993aa6fffff,8709993aaffffff,0,0.26419053946191334,0
4,8909993aa73ffff,8709993aaffffff,0,0.006390555422815185,0
4,8909993aa77ffff,8709993aaffffff,0,0.038564335961408784,0
4,8909993aa7bffff,8709993aaffffff,0,0.0022832916677127473,0
4,8909993aa83ffff,8709993aaffffff,1,0.5491703609531497,1
4,8909993aa87ffff,8709993aaffffff,0,0.2756986639123296,0
4,8909993aa8bffff,8709993aaffffff,1,0.07944088393575867,0
4,8909993aa8fffff,8709993aaffffff,0,0.19052750349906666,0
4,8909993aa93ffff,8709993aaffffff,0,0.059321421249141186,0
4,8909993aa97ffff,8709993aaffffff,0,0.012378516380212964,0
4,8909993aa9bffff,8709993aaffffff,0,0.0022832916677127473,0
4,8909993aaa3ffff,8709993aaffffff,1,0.362942907429103,0
4,8909993aaa7ffff,8709993aaffffff,1,0.12119960230583973,0
4,8909993aaabffff,8709993aaffffff,0,0.19128366554030365,0
4,8909993aaafffff,8709993aaffffff,0,0.03941798183636548,0
4,8909993aab3ffff,8709993aaffffff,0,0.016824767214600356,0
4,8909993aab7ffff,8709993aaffffff,0,0.0022832916677127473,0
4,8909993aabbffff,8709993aaffffff,0,0.0022832916677127473,0
4,8909993aac3ffff,8709993aaffffff,1,0.10608134740758797,0
4,8909993aac7ffff,8709993aaffffff,0,0.07944088393575867,0
4,8909993aacbffff,8709993aaffffff,0,0.04075800974869264,0
4,8909993aacfffff,8709993aaffffff,0,0.04878940885642936,0
4,8909993aad3ffff,8709993aaffffff,0,0.025776041674064703,0
4,8909993aad7ffff,8709993aaffffff,0,0.0022832916677127473,0
4,8909993aadbffff,8709993aaffffff,0,0.0022832916677127473,0
4,8909993ab03ffff,8709993abffffff,0,0.04828544596657477,0
4,8909993ab07ffff,8709993abffffff,0,0.006390555422815185,0
4,8909993ab0bffff,8709993abffffff,0,0.012378516380212964,0
4,8909993ab0fffff,8709993abffffff,0,0.025776041674064703,0
4,8909993ab13ffff,8709993abffffff,1,0.9580418961989569,1
4,8909993ab17ffff,8709993abffffff,0,0.31521534462027395,0
4,8909993ab1bffff,8709993abffffff,1,0.362942907429103,0
4,8909993ab2bffff,8709993abffffff,0,0.016824767214600356,0
4,8909993ab3bffff,8709993abffffff,0,0.10608134740758797,0
4,8909993ab43ffff,8709993abffffff,0,0.006390555422815185,0
4,8909993ab47ffff,8709993abffffff,0,0.059321421249141186,0
4,8909993ab4bffff,8709993abffffff,0,0.025776041674064703,0
4,8909993ab4fffff,8709993abffffff,0,0.0022832916677127473,0
4,8909993ab53ffff,8709993abffffff,1,0.31521534462027395,0
4,8909993ab57ffff,8709993abffffff,0,0.33305544724547476,0
4,8909993ab5bffff,8709993abffffff,0,0.12119960230583973,0
4,8909993ab63ffff,8709993abffffff,0,0.006390555422815185,0
4,8909993ab67ffff,8709993abffffff,0,0.038564335961408784,0
4,8909993ab6bffff,8709993abffffff,0,0.0022832916677127473,0
4,8909993ab6fffff,8709993abffffff,0,0.0022832916677127473,0
4,8909993ab73ffff,8709993abffffff,1,0.5491703609531497,1
4,8909993ab77ffff,8709993abffffff,0,0.2756986639123296,0
4,8909993ab7bffff,8709993abffffff,1,0.07944088393575867,0
4,8909993ab83ffff,8709993abffffff,0,0.059321421249141186,0
4,8909993ab87ffff,8709993abffffff,0,0.012378516380212964,0
4,8909993ab8bffff,8709993abffffff,0,0.0022832916677127473,0
4,8909993ab8fffff,8709993abffffff,0,0.0022832916677127473,0
4,8909993ab93ffff,8709993abffffff,1,0.33305544724547476,0
4,8909993ab97ffff,8709993abffffff,0,0.3181814216854059,0
4,8909993ab9bffff,8709993abffffff,0,0.26419053946191334,0
4,8909993ababffff,8709993abffffff,0,0.0022832916677127473,0
4,8909993abbbffff,8709993abffffff,0,0.04075800974869264,0
4,8909993abc3ffff,8709993abffffff,0,0.025776041674064703,0
4,8909993abc7ffff,8709993abffffff,0,0.0022832916677127473,0
4,8909993abcbffff,8709993abffffff,0,0.0022832916677127473,0
4,8909993abcfffff,8709993abffffff,0,0.0022832916677127473,0
4,8909993abd3ffff,8709993abffffff,1,0.12119960230583973,0
4,8909993abd7ffff,8709993abffffff,0,0.26419053946191334,0
4,8909993abdbffff,8709993abffffff,0,0.03941798183636548,0
4,8909993ae03ffff,8709993aeffffff,0,0.4959510452499288,0
4,8909993ae07ffff,8709993aeffffff,1,0.5491703609531497,1
4,8909993ae0bffff,8709993aeffffff,1,0.10608134740758797,0
4,8909993ae0fffff,8709993aeffffff,1,0.07944088393575867,0
4,8909993ae13ffff,8709993aeffffff,0,0.006390555422815185,0
4,8909993ae17ffff,8709993aeffffff,0,0.059321421249141186,0
4,8909993ae1bffff,8709993aeffffff,0,0.025776041674064703,0
4,8909993ae23ffff,8709993aeffffff,0,0.31521534462027395,0
4,8909993ae27ffff,8709993aeffffff,0,0.33305544724547476,0
4,8909993ae2bffff,8709993aeffffff,0,0.12119960230583973,0
4,8909993ae2fffff,8709993aeffffff,0,0.26419053946191334,0
4,8909993ae33ffff,8709993aeffffff,0,0.006390555422815185,0
4,8909993ae37ffff,8709993aeffffff,0,0.038564335961408784,0
4,8909993ae3bffff,8709993aeffffff,0,0.0022832916677127473,0
4,8909993ae43ffff,8709993aeffffff,1,0.5491703609531497,1
4,8909993ae47ffff,8709993aeffffff,0,0.2756986639123296,0
4,8909993ae4bffff,8709993aeffffff,0,0.07944088393575867,0
4,8909993ae4fffff,8709993aeffffff,0,0.19052750349906666,0
4,8909993ae53ffff,8709993aeffffff,0,0.059321421249141186,0
4,8909993ae57ffff,8709993aeffffff,0,0.012378516380212964,0
4,8909993ae5bffff,8709993aeffffff,0,0.0022832916677127473,0
4,8909993ae63ffff,8709993aeffffff,1,0.33305544724547476,0
4,8909993ae67ffff,8709993aeffffff,1,0.3181814216854059,0
4,8909993ae6bffff,8709993aeffffff,0,0.26419053946191334,0
4,8909993ae6fffff,8709993aeffffff,0,0.02281191503348766,0
4,8909993ae73ffff,8709993aeffffff,0,0.038564335961408784,0
4,8909993ae77ffff,8709993aeffffff,0,0.040695065761637866,0
4,8909993ae7bffff,8709993aeffffff,0,0.0022832916677127473,0
4,8909993ae8bffff,8709993aeffffff,0,0.19052750349906666,0
4,8909993ae8fffff,8709993aeffffff,0,0.03368728145608789,0
4,8909993aea3ffff,8709993aeffffff,1,0.12119960230583973,0
4,8909993aea7ffff,8709993aeffffff,0,0.26419053946191334,0
4,8909993aeabffff,8709993aeffffff,0,0.03941798183636548,0
4,8909993aeafffff,8709993aeffffff,0,0.009224801382621974,0
4,8909993aeb3ffff,8709993aeffffff,0,0.0022832916677127473,0
4,8909993aeb7ffff,8709993aeffffff,0,0.0022832916677127473,0
4,8909993aebbffff,8709993aeffffff,0,0.0022832916677127473,0
4,8909993aec3ffff,8709993aeffffff,0,0.07944088393575867,0
4,8909993aec7ffff,8709993aeffffff,0,0.19052750349906666,0
4,8909993aecbffff,8709993aeffffff,0,0.04878940885642936,0
4,8909993aecfffff,8709993aeffffff,0,0.014418078444783974,0
4,8909993b323ffff,8709993b3ffffff,0,0.0022832916677127473,0
4,8909993b327ffff,8709993b3ffffff,0,0.0022832916677127473,0
4,8909993b32fffff,8709993b3ffffff,0,0.5491703609531497,1
4,8909993b333ffff,8709993b3ffffff,0,0.04798512866612277,0
4,8909993b337ffff,8709993b3ffffff,0,0.053080667533984625,0
4,8909993b3a3ffff,8709993b3ffffff,0,0.4959510452499288,0
4,8909993b3a7ffff,8709993b3ffffff,1,0.5491703609531497,1
4,8909993b3abffff,8709993b3ffffff,1,0.10608134740758797,0
4,8909993b3afffff,8709993b3ffffff,0,0.07944088393575867,0
4,8909993b3b3ffff,8709993b3ffffff,0,0.006390555422815185,0
4,8909993b3b7ffff,8709993b3ffffff,0,0.059321421249141186,0
4,8909993b3bbffff,8709993b3ffffff,0,0.025776041674064703,0
