pilot,target,n_cells,n_blocks,feature_subset,n_positive,prevalence,roc_auc_pooled,roc_auc_mean,roc_auc_std,average_precision_pooled,pr_auc_pooled,accuracy_mean,accuracy_std,f1_mean,roc_auc_ci_low,roc_auc_ci_high,note
lower_manhattan,dep_only,262,12,all,74,0.2824427480916031,0.7995615296147212,0.7850805689403562,0.12571348656818607,0.5964476933786522,0.5964476933786522,0.7632488118614645,0.04495086906007854,0.4218041209809842,0.6966248243788369,0.8850819304894529,
lower_manhattan,complaint_only,262,12,all,144,0.549618320610687,0.8372763653483992,0.8039829796440994,0.08668042325059447,0.8205517770667717,0.8205517770667717,0.7821864594894562,0.041974080127304546,0.7848682170542636,0.7461997858101047,0.9096735095530404,
lower_manhattan,hwm_only,262,12,all,0,0.0,,,,,,,,,,,single-class target (not fitted)
lower_manhattan,complaint_hwm,262,12,all,144,0.549618320610687,0.8372763653483992,0.8039829796440994,0.08668042325059447,0.8205517770667717,0.8205517770667717,0.7821864594894562,0.041974080127304546,0.7848682170542636,0.7461997858101047,0.9096735095530404,
lower_manhattan,evidence_union,262,12,all,167,0.6374045801526718,0.8494484714780964,0.8303927910455758,0.09133757782070641,0.8504859523449224,0.8504859523449224,0.8279077378411452,0.05327872681719463,0.8676681924632744,0.728039241697171,0.951106017497527,
lower_manhattan,evidence_union_no_distwater,262,12,"elevation_m,slope_deg,dem_d8_accum_proxy,impervious_frac,building_density,building_area_fraction",167,0.6374045801526718,0.8487866372518122,0.806294410679036,0.12464270251262362,0.8380551347730264,0.8380551347730264,0.8354549076524659,0.037310828981556576,0.8707706766917293,0.7031919976481525,0.9462611157669297,
lower_manhattan,complaint_no_building_density,262,12,"elevation_m,slope_deg,dem_d8_accum_proxy,impervious_frac,building_area_fraction,dist_mapped_water_m",144,0.549618320610687,0.84342631826742,0.811843791122687,0.09104028327009993,0.8183129065810808,0.8183129065810808,0.7786362730868837,0.044149484916787586,0.7857010279321492,0.7380449797843667,0.9095045333923043,
lower_manhattan,union_physics_only,262,12,"elevation_m,slope_deg,dem_d8_accum_proxy,dist_mapped_water_m",167,0.6374045801526718,0.8505515285219034,0.857548841648802,0.09091038608057643,0.8506676003448701,0.8506676003448701,0.8392284925581264,0.04757845304138559,0.8705715296855706,0.7334491118938983,0.9400403337943811,
lower_manhattan,union_reporting_only,262,12,"impervious_frac,building_density,building_area_fraction",167,0.6374045801526718,0.8046643554995273,0.763771084712321,0.12247022668436303,0.809506750769702,0.809506750769702,0.8354577534932697,0.050231978589753104,0.8750349892770941,0.6597846908567765,0.9299178185157303,
lower_manhattan,union_full,262,12,"elevation_m,slope_deg,dem_d8_accum_proxy,impervious_frac,building_density,building_area_fraction,dist_mapped_water_m",167,0.6374045801526718,0.8494484714780964,0.8303927910455758,0.09133757782070641,0.8504859523449224,0.8504859523449224,0.8279077378411452,0.05327872681719463,0.8676681924632744,0.728039241697171,0.951106017497527,
manhattan_expanded,dep_only,956,28,all,231,0.24163179916317992,0.8005672488431109,0.808853970678998,0.03858433279693509,0.5254325872378669,0.5254325872378669,0.7741220479242485,0.0338034705059779,0.4727289607575492,0.743948988319668,0.8565075327748134,
manhattan_expanded,complaint_only,956,28,all,373,0.3901673640167364,0.8503051149871932,0.845878927341321,0.05679120241970559,0.7192000303054298,0.7192000303054298,0.7585681834730874,0.056882091198004484,0.694809305518915,0.7831742389551103,0.901534106594032,
manhattan_expanded,hwm_only,956,28,all,6,0.006276150627615063,0.2335964912280702,0.4861627077939135,0.21510506002755395,0.0051028347017069335,0.0051028347017069335,0.9821493524386884,0.015834095273121247,0.0,0.10954463777451363,0.41928460773187304,
manhattan_expanded,complaint_hwm,956,28,all,375,0.3922594142259414,0.853025817555938,0.8496441413167783,0.05263410812896708,0.7205714667833317,0.7205714667833317,0.7627563224856759,0.047170861167188535,0.7016502081209849,0.7871454449040669,0.903230484500993,
manhattan_expanded,evidence_union,956,28,all,458,0.4790794979079498,0.8873901720418794,0.8862594550811298,0.03682759362066251,0.8269185394586305,0.8269185394586305,0.8244284313039604,0.03560600418393993,0.8235754475346232,0.8309094820672188,0.9290783975033259,
manhattan_expanded,evidence_union_no_distwater,956,28,"elevation_m,slope_deg,dem_d8_accum_proxy,impervious_frac,building_density,building_area_fraction",458,0.4790794979079498,0.8852922607460408,0.884900645456478,0.037870640261703,0.8239930512691331,0.8239930512691331,0.8160406169643789,0.030982500288150402,0.8156874717820897,0.828631305303866,0.9278529554537835,
manhattan_expanded,complaint_no_building_density,956,28,"elevation_m,slope_deg,dem_d8_accum_proxy,impervious_frac,building_area_fraction,dist_mapped_water_m",373,0.3901673640167364,0.8478655746600509,0.8442497404297971,0.0617183263280341,0.7127841801377923,0.7127841801377923,0.7679318158130317,0.04462348908679817,0.7136877717197454,0.7801605807182668,0.8983107785958487,
manhattan_expanded,union_physics_only,956,28,"elevation_m,slope_deg,dem_d8_accum_proxy,dist_mapped_water_m",458,0.4790794979079498,0.8616101962434892,0.8604260652517353,0.03372185547789233,0.8040618134318612,0.8040618134318612,0.791934117364866,0.040249649905637556,0.7859233975509078,0.8059105951590948,0.9046927998292206,
manhattan_expanded,union_reporting_only,956,28,"impervious_frac,building_density,building_area_fraction",458,0.4790794979079498,0.8726741025236316,0.8734341512268113,0.04686434013700009,0.8031775757848582,0.8031775757848582,0.8087970679486063,0.05487279437854097,0.8093325415102848,0.8061160351072507,0.9212616873190216,
manhattan_expanded,union_full,956,28,"elevation_m,slope_deg,dem_d8_accum_proxy,impervious_frac,building_density,building_area_fraction,dist_mapped_water_m",458,0.4790794979079498,0.8873901720418794,0.8862594550811298,0.03682759362066251,0.8269185394586305,0.8269185394586305,0.8244284313039604,0.03560600418393993,0.8235754475346232,0.8309094820672188,0.9290783975033259,
