score_quantile,neighbor_expansion,n_parents_refined,n_refined_children,n_adaptive_mixed,cell_count_ratio,hotspot_refinement_recall,hotspot_refinement_precision,hotspot_enrichment
0.7,0,79,3871,4054,0.3223087931308634,0.7360890302066773,0.2402698495070057,7.3597200492365555
0.7,1,181,8869,8950,0.7115598664334553,0.9491255961844197,0.13557397524696263,9.489747018130073
0.75,0,66,3234,3430,0.27269836221974875,0.6740858505564388,0.26359962698165995,6.739786826946651
0.75,1,162,7938,8038,0.6390523135633646,0.9268680445151033,0.14804469273743018,9.267206887051644
0.8,0,53,2597,2806,0.22308793130863414,0.6001589825119237,0.29184383455740237,6.000635677293304
0.8,1,147,7203,7318,0.5818095086659246,0.8815580286168522,0.1552786334360123,8.814178763070561
0.85,0,40,1960,2182,0.17347750039751947,0.5174880763116058,0.33384615384615385,5.174058047573432
0.85,1,103,5047,5206,0.41389728096676737,0.7329093799682035,0.18491776975531488,7.327928601939638
0.9,0,27,1323,1558,0.12386706948640483,0.3871224165341812,0.3709063214013709,3.8706087083997867
0.9,1,85,4165,4342,0.3452059150898394,0.6605723370429253,0.20125938483894407,6.6046731759347495
0.95,0,14,686,934,0.07425663857529019,0.22813990461049286,0.41836734693877553,2.2810363435538785
0.95,1,46,2254,2470,0.19637462235649547,0.42130365659777425,0.23513753327417924,4.212366766841657
