path,size_bytes,mtime_ns,sha256
configs/demo_oslo.yaml,462,1786725174000000000,e796fb63e3ac1301c425497a9b6de145698a63b5e9e97d3270216c66934526cc
configs/nyc.yaml,3025,1787495592000000000,3b1a55ba3d1a89ccc878a29cc213221a4d6f39a008dbd21988e43686a3bf7061
data/processed/demo_h3_cells.parquet,54237,1787840468000000000,ebb4515578683e0db9c8b1546832c5fc7e3a28ae4a34087c1e3e9b0215f7b50a
data/processed/nyc_h3_cells.parquet,34570,1787582704000000000,89abb0a5908edb51833576afab7a2136c69653d541db79fd4ea4dcc8233b159e
data/processed/nyc_h3_cells_expanded.parquet,109265,1787584046000000000,b4c08f710f1c5b2aaa0da97790d041c7b6dfb7eb61597f9009dd6df1033e3dc9
data/processed/nyc_h3_cells_r10_labels.parquet,45436,1787583126000000000,9f7185537483cdbfdc827598f850649c4905534886e24a466d92431f2d7002e4
data/raw/nyc/building_footprints.geojson,17924283,1786792308000000000,47df709d639f2f93612ea7468f4d2959014c253e3506a46d5fa22214e7536808
data/raw/nyc/dem.tif,1312662,1786792224000000000,e9373f5cd91db56cece473a17ae87764887ffac2ccc69799077100bf1d1d0209
data/raw/nyc/dep_stormwater_flood.geojson,24601038,1787581790000000000,175c7b31edeabab8a2cd6fb32d68b2faf59f02874ce7ffde6bd1b7e5632881b8
data/raw/nyc/dep_stormwater_flood_2050slr.geojson,27170031,1787581898000000000,f2943e366c15df66972b2be06070640ead3fcddeca304ca4c9314fd447940187
data/raw/nyc/DOWNLOAD_MANIFEST.json,3912,1786795624000000000,7fd829cb1b4f5be9e5639eff266310c6140728d2e8f035ae2ace4571e257cc13
data/raw/nyc/event_rainfall.tif,6696,1786792350000000000,d0d0fa458443ad235e8ce7f76446cbb4379204242fb24f5ee9cf00bd93447cc3
data/raw/nyc/fema_sandy.geojson,5533235,1786792346000000000,fcb8380920c30d2faf83d40b8186c418b1087496a9d321987c61537f2362245f
data/raw/nyc/flooding_311.geojson,286307,1786792340000000000,47cf5dcf488adad05d643f5b18933cbd1bbb8dfde26740bd0b4b0f4add51624c
data/raw/nyc/FLOODNET_STUB.txt,347,1786792350000000000,ec50e42917e9369790b6d66795462f3a79e9dd42c95707f48f1cea65f95cf3b2
data/raw/nyc/hydro_streams.geojson,18614,1786794794000000000,56b4959e09383bccf9924043c706bd4efd10c6f04ed0385647efc90f37fb141a
data/raw/nyc/impervious.tif,791768,1786792350000000000,2c36e60e97f9c01dc368647bb9bc0b0453cbfc3c09441a1aac67b0c8ad62a9f9
data/raw/nyc/README.md,882,1786795486000000000,eee72bb23c11d6661ee1e8bf0dc98e7b87299122c6031050f2d8194946f1a1ee
data/raw/nyc/usgs_ida_hwm.geojson,43209,1786792458000000000,2ca3f65a7c9ba3655efa7236fe795acc04e374038945a196ab206240188517af
data/raw/nyc_expanded/building_footprints.geojson,64021806,1786980448000000000,5ee3badb7a7a0d1c2b888b55bc94217126c9a7efef07dcf5214859b096e7e5e8
data/raw/nyc_expanded/dem.tif,5245782,1786980220000000000,103370ee8d0667402f208e5773a3a11a634888b67154f6a2362261afd198db59
data/raw/nyc_expanded/dep_stormwater_flood.geojson,24601038,1787581978000000000,175c7b31edeabab8a2cd6fb32d68b2faf59f02874ce7ffde6bd1b7e5632881b8
data/raw/nyc_expanded/dep_stormwater_flood_2050slr.geojson,27170031,1787582082000000000,f2943e366c15df66972b2be06070640ead3fcddeca304ca4c9314fd447940187
data/raw/nyc_expanded/DOWNLOAD_MANIFEST.json,3572,1786980552000000000,5688be371427edbc248b57fa972cae822115831dc305ee4b1b34ea666e6112bf
data/raw/nyc_expanded/event_rainfall.tif,24996,1786980538000000000,391feaa67c0ef9d87f45fd5cd5173c0a3384ebff5ba604078207bc19cd5fde6a
data/raw/nyc_expanded/fema_sandy.geojson,11422173,1786980464000000000,457be2e3b0ddcfba4eeaa5f95753ca28c917527acdbf5e7b2d9f64b6da945801
data/raw/nyc_expanded/flooding_311.geojson,661853,1786980452000000000,9847293561abe66c5f55ea038bd5815cf0227b486df5010d420f692a03a663ee
data/raw/nyc_expanded/FLOODNET_STUB.txt,357,1786980552000000000,3ee499397775dc03e41d4b358d7bf7b034e0517f6cec65e5ca42327e26efeaeb
data/raw/nyc_expanded/hydro_streams.geojson,88192,1786980552000000000,5b0d02627209f5fa007ce7f35fde6d818b8b0ae22838fa51f2296d20d9f66919
data/raw/nyc_expanded/impervious.tif,2816752,1786980538000000000,eb976a12db38861f74bd160c933a8ef2b278d6a5f5f726b2118d4af98a2d0676
data/raw/nyc_expanded/usgs_ida_hwm.geojson,43209,1786980450000000000,2ca3f65a7c9ba3655efa7236fe795acc04e374038945a196ab206240188517af
docs/paper/figures/multi_resolution_spatial.png,440776,1787586732000000000,08cc18ecaa1f34aaf4653f0fdad3bbda56c57ce0e8acff6f0f69ba8cd65a90cf
docs/paper/figures/resolution_effects.png,182930,1787586738000000000,8cd4686386ce4f259cb6b5301c8e0f06fff3c5467d412626e111d3b01790620f
docs/paper/figures/source_evidence_maps.png,556071,1787586728000000000,bc76f5d598e6ed0dfec93891b014e2262dd760ba63193bfe2c7be6d6ad30f242
docs/paper/figures/spatial_cv_folds.png,86978,1787586722000000000,44404dd7287dbf40c39fef3af20a7e7e4d46d60a8375fa8acdcd2c672e09bc1b
docs/paper/figures/spatial_maps.png,354371,1787586720000000000,2c0418b0cc411197b9c927799804ba20758c3be656521300a27b2d3148a1e4be
docs/paper/figures/supplementary/adaptive_ablation.png,72035,1787586740000000000,3ea3d68426c8c972aef1084e15afa355699b55f8040e0a8d2d51b7aea18554f2
docs/paper/figures/supplementary/jaccard_by_resolution.png,75139,1787586736000000000,30e625c6f59a3fb8c67e307de0109a945e858ffd4ddfd086637e8351311311a7
docs/paper/figures/workflow_schematic.png,263391,1787586714000000000,d80829c89364eab7757f1f46a850e57bd15ad0f8e8145ac6574283d84f157e40
docs/paper/manuscript.html,2582170,1787586890000000000,2e9f796acb891732099b0207a60e568f7c51bec4142a8407f5be293ab5f2aaa3
docs/paper/manuscript.md,58380,1787586810000000000,b7bf7e0e2829af56af3a01d38256970238e3c33fffd20562e26b189172f3a538
docs/paper/manuscript.pdf,1964719,1787586894000000000,8224445cc466e4fc4aeb843da55e3fecd3c9b539cad57539f3ac4e2e516ea704
docs/paper/report.html,2783921,1787587074000000000,92da1526213da141284d1ae825779c1cadc7395ca2db7ba44584ddd31bcf5d99
docs/paper/report.md,54608,1787586872000000000,dd41cc1474deb38254f1ea9edd3ed3a4d7fc6a43bfdd577eeb94d0c2266693cc
docs/paper/report.pdf,3132017,1787587086000000000,94afbffe17312fbcf53c1cf18bbcf3c61f1794e6bd8f8b53c8da2b05ca7a952c
models/nyc_expanded/classifier.joblib,188897,1787584050000000000,4ee43a2090f6ae83389a80e588081ff609ff776295afcc04793da1fef03082e7
models/nyc_expanded/feature_columns.joblib,149,1787584050000000000,6e87dedaee69894710caf0fdedf506d7129a36cf87847af7751715e48ebb0279
models/nyc_expanded/regressor.joblib,174705,1787584050000000000,36843171c24bff704adeb6afa01cba01de00185d92f3baf91e6432d825485a51
models/nyc_expanded/run_metadata.json,1458,1787584050000000000,c31d8868680c917eb9523551fcfdebd368c55b9d805a5a66778bcf93f90f5d6a
models/nyc_expanded/spatial_cv_folds.csv,1244,1787584050000000000,b08fd177f3828c07decfbf5b0f4613da9c129adfbaed624e3868ddb498a5a0b6
models/nyc_expanded/spatial_cv_oof_predictions.csv,56077,1787584050000000000,bfb7cea464e3fc1f35a76a7affdc314d7e7d57f510eb6f49cf9fc6a80fbd421a
models/nyc_expanded/train_metrics.joblib,822,1787584050000000000,37b2d38c1588ba58e53ab5c323af5aaf1e81a4c2ab53f7d7460c13ae84f60b40
models/nyc_smoke/classifier.joblib,159521,1787583132000000000,426c56f75107240e1021a56e8a44e9c170cab39864bbbd4f7e33030b5036e172
models/nyc_smoke/feature_columns.joblib,149,1787583132000000000,6e87dedaee69894710caf0fdedf506d7129a36cf87847af7751715e48ebb0279
models/nyc_smoke/regressor.joblib,174273,1787583132000000000,8670fb4f514d1e35f9a275a3bea98e8654481294f9e9943e5e8b788d040a0671
models/nyc_smoke/run_metadata.json,1456,1787583132000000000,8dafd9976c2ebd8d08d7b1d36020f3f8bfeb69ab838f2f55cecb74d32a4082ac
models/nyc_smoke/spatial_cv_folds.csv,798,1787583132000000000,a5c1bf9a424a122254b616b2ac46da376d7a09a12f4046c215d1ecce605122cf
models/nyc_smoke/spatial_cv_oof_predictions.csv,8284,1787583132000000000,15929e5d66e1bb7252574fceed1b89783f705a63445abc0414f9ab55edde9de7
models/nyc_smoke/train_metrics.joblib,816,1787583132000000000,bc7ee90699ff1ebcf3920f273f254a554f26588634044ae924db971429c89d30
outputs/.gitkeep,0,1786725174000000000,e3b0c44298fc1c149afbf4c8996fb92427ae41e4649b934ca495991b7852b855
outputs/_bench.geojson,472294,1779469080000000000,2b97cd883899d514451abb864d57fa9aed866e1ef749c1e4554e316e0110f4e1
outputs/adaptive_vs_fixed_ablation.csv,565,1787583250000000000,0d3f4d0a47c4d2a409ecf505967720044d506b812d0ff16c2dc6df6eaf900dcd
outputs/block_sensitivity.csv,1109,1787584096000000000,91626628ea95c1606cdf798573a15377b69b1a58eee85c098cddc2e9d4368562
outputs/block_sensitivity.json,3563,1787584096000000000,28ae6ed0838d6c0ffd17703550f5678750570a42d3d4eb7b139f46527c4bc010
outputs/classification_baselines.csv,746,1787497082000000000,522e808baeb1fc32c032f36e534bf220dac6d9c6cec55aef18a5e535c200d894
outputs/classification_baselines.json,682,1787497082000000000,6cf3d48a06ca4d8aebe95753e7a2e2ab73c37435181e765ac24b06ecbe331790
outputs/classification_baselines_expanded.csv,726,1787584050000000000,bde88af9fdb55bafd28c6af563c1766a839c3fb1102d13f6308d7fb0d541b7d1
outputs/classification_baselines_expanded.json,883,1787584050000000000,30589b927afedd4d16382200705980a614840ee1b69a41f6f5ffe4ae3876d8e2
outputs/expanded_primary_table.json,3046,1787584050000000000,780bcb36dfc2d74a63fb77b172013800e6b3f4ecd809f5774479ccc1fb475767
outputs/expanded_run.log,3054,1787503712000000000,7311b27c8f19be1bb0c05a916b62c30890f4d7f71020006fa41ae06b2b2b8ca6
outputs/expanded_run2.log,3030,1787504984000000000,8829d5de25a6050ae1b51c427e04169d5ce33d6a72a0044b870d39eff77e5ea3
outputs/expanded_w13_log.txt,3042,1787496628000000000,70aecb39a1d0d3c3540ac4345dd17816b8f5e12d45ecb28a7149ba2ea78a257d
outputs/hotspot_budget_sensitivity.csv,2717,1787584082000000000,428d07eb915e820226f8d799b40808b994530721e57b3a53a059a9e711aba6e5
outputs/hotspot_budget_sensitivity.json,8380,1787584084000000000,9ea972a140661858212a2948746cb8ef5fb394f425784a74ba1acc37c7445c6b
outputs/jaccard_by_resolution.csv,855,1787586734000000000,fc2a423099c2dd9f9b48966a26d98b258f638d0417e7db1d60e0a41ae0320c32
outputs/jaccard_by_resolution.pdf,32593,1787583130000000000,cd13ca454490d44c8a6c73dff69d6ba8a5ae8f685af0bed84aa1596abc89061d
outputs/jaccard_by_resolution.png,75139,1787583128000000000,30e625c6f59a3fb8c67e307de0109a945e858ffd4ddfd086637e8351311311a7
outputs/jaccard_demo.csv,984,1786727200000000000,72b047fa40f69d79f821188b071cde253af78d4392a828cce45c2a564619d562
outputs/negative_control.json,953,1787583134000000000,77235a24ebb1145cf2632e255cef802fc9c820a46048bc2172853533eb92c8cc
outputs/nyc_smoke_log.txt,3616,1786791236000000000,daf4abf0247377007e9a0205c22ba1db26dc74ccb6f76d7ce8cdc72cd7fdd52a
outputs/nyc_smoke_log_w13.txt,7329,1787496298000000000,56939418edaf222da8123e44f7bef374dd478069c0d509693b5aef62290d4092
outputs/pfi_h_scenarios.csv,213477,1787583192000000000,bc0c7807e459b4b235b114a2fda81124e4d435fe2bc8183a721c5225bee60829
outputs/pfi_h_scenarios.parquet,29358,1787583192000000000,f927f9d5f664555c4db5c1906de8cb8d35966b2d6a022b07aebc155855bffa6f
outputs/pytest_log.txt,640,1786791278000000000,3db08a1035981d2253d730a96e85c60098b03e2710ec89097fe4cc0215089d95
outputs/risk_cells.geojson,503399,1787840474000000000,5bedb3e8b4e5dd43893379b12f5a5eb6baa7e80a3c329bcec7fc9d74e6eeb06c
outputs/risk_cells.parquet,49625,1787840474000000000,2e96cb0cfa7429ab2636410cf3e3693d539208f147c81eb78f0b2a78d1db4a13
outputs/slr_sensitivity.csv,941,1787586732000000000,3cff22ed5a3e3686499409f6deea05da258a53dc911e393beddd9b46de7e5776
outputs/slr_sensitivity.json,2571,1787586732000000000,f03afe4758d066b7c5f31297bea6eec0b58a89ddbaccb9751d26de3c70df450c
outputs/smoke_discrimination.json,447,1786988146000000000,0746511d9d0e49fd54256919036df90ac5cf573a55b09a5360299fae9922edef
outputs/smoke_run.log,7448,1787502708000000000,08eb523c3b13bfcfa4fd5b4676c2d8338a013fcfca4f18f0814ffd2004986b29
outputs/source_ablation.csv,2440,1787584106000000000,28240fcc5425bab4612f3e9bce45cf17896137836da6902b4a4b2d5dc60530b9
outputs/source_ablation.json,6888,1787584106000000000,fd8e0c6e1eb952ede3be022e9143c02d94da691082909f0edff6f50db37d948c
outputs/spatial_cv_folds.csv,1257,1787840472000000000,903048ba8002ac765cae91a1b0263010696d78746fd695789f0f5a56056bc0d9
outputs/spatial_cv_folds_eval.csv,1257,1787840474000000000,903048ba8002ac765cae91a1b0263010696d78746fd695789f0f5a56056bc0d9
outputs/spatial_cv_folds_models.csv,958,1787840486000000000,0fc80cc5cb154b1ecd427c230d7a2827142590b5fb57b2f6b487da60408eaf49
outputs/spatial_cv_folds_nyc_expanded.csv,1244,1787584050000000000,b08fd177f3828c07decfbf5b0f4613da9c129adfbaed624e3868ddb498a5a0b6
outputs/spatial_cv_folds_nyc_smoke.csv,798,1787583132000000000,a5c1bf9a424a122254b616b2ac46da376d7a09a12f4046c215d1ecce605122cf
outputs/spatial_cv_oof_predictions.csv,58463,1787840472000000000,ebbeb75d1711108c925569fce8132064aa66338dc5b9fbeab9baa589d10957c2
outputs/spatial_cv_oof_predictions_eval.csv,58463,1787840474000000000,ebbeb75d1711108c925569fce8132064aa66338dc5b9fbeab9baa589d10957c2
scripts/_redownload_dep.py,1554,1787581702000000000,72585dda1c7a13018fe0b76733ae89fbfbe3eb75d7d9df45d638b92aa53da5a2
scripts/_tmp_desc.py,1605,1787585422000000000,03744cdacf8e47982ee47f5e6be95ab4c8de36dd4aba0eab5e32ab506b17f3bc
scripts/_tmp_desc2.py,1270,1787585806000000000,2974af8e9aa2e8a6ce66a675c77f701bc40610e7b9423375bae8a3ddd3e6ce6c
scripts/_tmp_stats.py,1259,1787585270000000000,1419f4ea2fbc67199a98ac2dc3d23fc23eb88b62a1d78dc0860df30f6b64cb60
scripts/build_manuscript_html.py,7456,1787581374000000000,67e44711dc11a947c28ad009ae7ca5546cda279296be9554a5dc9dd7865468e6
scripts/build_nyc_h3.py,4129,1786810402000000000,46a1a9837e279ebcbd35186639dc5afaf2c2258824ad79f66e8e15a0dd276431
scripts/build_paper_report_html.py,17424,1787587060000000000,b6940f33649e106e1bd5a1981ecd6beaff64b936354294173f9feed5f6e75572
scripts/compute_classification_baselines.py,3240,1786976898000000000,b959dca9eeaa15e3f3f1da3e0feb7a9442713c99f4a5c10705648d852e6664ab
scripts/compute_oof_discrimination.py,3440,1786988130000000000,bcad12590922134088f9594ce438e630e3d83dfcba719e613dadb00e827664b9
scripts/download_nyc_data.py,3764,1786810426000000000,170e6ab062087192513f7c0c6693b4e70e3b06008d89e6c80c08145760d99de2
scripts/encode_files_as_png.py,1289,1787169272000000000,bcc7136793f5ffcb25e75a25eee2c1b3705b87d50cc8605b7206c5e77fbfc6ff
scripts/extract_reference_figures.py,1792,1787165342000000000,3893ea9fed73bff1db5b018eeda103dfd03c053606837355e20008b6e4f531dd
scripts/gen_upload_expression.py,1254,1787152886000000000,0c87aab1fa1a827fddefa982c6bfc6d072f85bc0abe50e19683c53fed2b506d4
scripts/gen_w8_inject.py,4005,1787157204000000000,37bd0395092af9a0c9e3dde51939460c4990a3dc3f2f51d7ba1cd453420001a4
scripts/make_figures.py,3730,1787580900000000000,7b44bd44c0ae9c5569ac1c30348266e540b94dca8de43aabba4bea3418347f60
scripts/run_block_sensitivity.py,5495,1787580120000000000,dd59f391c5ad6ce1128d4c3a536e646e44667bb5dff78922277dd67b96e64efa
scripts/run_demo.py,371,1786725174000000000,711ddbaee56e8436b77419c356f7e13311ddf38aa6d6c94373f6ae478a374681
scripts/run_expanded_study.py,9114,1787504098000000000,e0776558f466e510cc46e61325e6c18275caa85702220fe1f884b57549830cbf
scripts/run_hotspot_budget_sensitivity.py,4015,1787580560000000000,ba9e92ed7f90173be45f41fb1c159c10446f38ad220c38e5072f82b08f203da1
scripts/run_nyc_smoke.py,398,1786726224000000000,74ac718a66f9e0a602a185dd14510c403dd2c21e2950ae59e1bc6a2468de0bae
scripts/run_slr_sensitivity.py,6490,1787582986000000000,a0abed1fb94906bb21711781af45137cdad835219e332ff2912d1a463816c556
scripts/run_source_ablation.py,8283,1787579598000000000,575c074349958ae137243dc67d6ad5d3555be149febd8a9f0f3e5878813623b1
scripts/serve_files_for_upload.py,1104,1787152466000000000,2664d6956f981909c9addd65c0e7dce66326f79d737e08495abf4761abd2ff72
src/pluvial_flood_risk/__init__.py,82,1786725174000000000,46f8156af40e00f8e3197bd392f557e3bc1085f154c8a290f66fe303c2a6b12f
src/pluvial_flood_risk/ablation.py,2171,1786808878000000000,c0a38083fd2d3883ac29aa99ce908a8cb4b06e36d7990ebb55d23ad67b14bb91
src/pluvial_flood_risk/adaptive.py,6169,1786725928000000000,4b8777c17c0cac70a96853f67f48370396686206d5860a357dc27e4c26d0bfce
src/pluvial_flood_risk/assemble.py,16277,1787495560000000000,6aa8e08147fe86f54ad95c8efd7128809504469d359c95473b52476f95222f2f
src/pluvial_flood_risk/baselines.py,7961,1787495528000000000,75bd0ea944738c7649909848fcc08cae9f170ed2333752886b816f3c949f54c3
src/pluvial_flood_risk/cli.py,11842,1786727648000000000,2d4b22c831410cc45d338b5fc03b5c2c59af42af7e3029253b3ff46c3e53310d
src/pluvial_flood_risk/config.py,1707,1787496664000000000,49ac8b6ed1f47dda39ec7a5d32277447c993b88bc6c965f7030aebf673637702
src/pluvial_flood_risk/config_loader.py,5114,1786810374000000000,bc7ac53e82e05b91fd2137879d0d13b5e7bb312657f808bf36b0a067fc3a51c7
src/pluvial_flood_risk/crs_warp.py,6712,1786789542000000000,2bf08cee0ef4ccb9faccde6c4e9c6c1ac620729feafdc486dc25720229b9bdda
src/pluvial_flood_risk/download_nyc.py,46798,1787581668000000000,502d57a1838c0fa002a54dbe484b784f91f6af5560de5c3a442e73d96e5adc4e
src/pluvial_flood_risk/estimators.py,1758,1786726972000000000,0aef0f0fe9884ae004d05d288e3911d791955b840a364abd41aff0075a75c0c5
src/pluvial_flood_risk/event_rainfall.py,1198,1786789596000000000,73d717b4f31cc1a5726465335446d88e94fe163eed52740aa470c0541358eff3
src/pluvial_flood_risk/features.py,8254,1786725858000000000,f9f95742268ff84d0d493701572818c195d5571b7e18b1333dd925a582d48c20
src/pluvial_flood_risk/figures.py,41572,1787581060000000000,ab497c9bf3a14ccd8179519f3898750dac523148a9ff6dde5a70e49ab6f602de
src/pluvial_flood_risk/floodnet.py,2748,1786810374000000000,f89b876a75d8c8e53b713422ff86813fa52c83e684e373f7c4a114eacbc5c26b
src/pluvial_flood_risk/h3_grid.py,6691,1786725766000000000,6c9d8a43eb82089c16d9eaa726e53a50c7942321fcccf1fef4c21afa40c37a2d
src/pluvial_flood_risk/io_export.py,1752,1786725174000000000,93aa5e4aca7f76619432115afd685fcbc35c8fb1c08f9710253191b423c3e950
src/pluvial_flood_risk/labels.py,14434,1787501248000000000,95c4beee27262918161ed9a4369715ca68280b1d05d8808568936088cd4241ca
src/pluvial_flood_risk/metadata.py,1018,1786725174000000000,a4b2271444a19231394cb91911a3c27da69ef754e3ad27b3d84b68612198ff3e
src/pluvial_flood_risk/metrics.py,1293,1786987402000000000,71efe6c17c9e7f7ec29dd8769984a27e5b9af58b8296ba06ecea26d237fc6706
src/pluvial_flood_risk/model.py,3996,1786987474000000000,b9d4d361d977f6a84ac7100f496fe1a225b34743d96348fe13197def4cdcab76
src/pluvial_flood_risk/negative_control.py,6231,1787501346000000000,cb463a76337aa371086801d21116f1c154c751a0d15dae701e801c9954989f50
src/pluvial_flood_risk/pipeline.py,23020,1787580880000000000,c12e8490d48c175c05ff0213ee553eac91d593820ad2e3f2720d4e673f2ac39b
src/pluvial_flood_risk/raster.py,7272,1786790670000000000,a1be068d6713d3cda5fdd146af4cb7a288ce3754db475e23f7180d98a7ecb4a5
src/pluvial_flood_risk/rollups.py,11501,1787580540000000000,f936b12ad2eff14e91661d022ea9324412b0aeaa535b47021e5d3c68216dbc7b
src/pluvial_flood_risk/schema_fixtures.py,5870,1786726606000000000,27c4265950e2111ae8e057a3c4b2bfba445349fda9e1c7a44bca475cf21288c6
src/pluvial_flood_risk/spatial_cv.py,7766,1786987510000000000,532f6261d4d5a5d65e5d6fba149c3e3eabff22a3c4a1d5cf4b33577fdb7910dd
src/pluvial_flood_risk/synthetic.py,1700,1786725174000000000,1e6343f3ec7502685a82ca7350c3f3b51280c218bc573962d6519556c25e2022
src/pluvial_flood_risk/validation.py,2739,1786725968000000000,f964decc99d757ae14319608e2ce200d0bf4952075512a6a5f06d492bb0b5cec
src/pluvial_flood_risk/vector_io.py,5716,1786725780000000000,b2f63989416d19adc7c63e15a059d95164d50843802f92b6685f4b3419d2fdbb
