pilot,buffer_m,retained_train_fraction,min_train_test_distance_m,roc_auc_pooled,roc_auc_ci_low,roc_auc_ci_high,average_precision_pooled,average_precision_ci_low,average_precision_ci_high,accuracy_mean,f1_mean,n_folds,n_blocks,guard_band
lower_manhattan,0.0,1.0,1127.1361893824562,0.8494484714780964,0.728039241697171,0.951106017497527,0.8504859523449224,0.7778872734188752,0.9647713326613102,0.8279077378411452,0.8676681924632744,5.0,12.0,
lower_manhattan,250.0,1.0,1127.1361893824562,0.8494484714780964,0.728039241697171,0.951106017497527,0.8504859523449224,0.7778872734188752,0.9647713326613102,0.8279077378411452,0.8676681924632744,5.0,12.0,
lower_manhattan,500.0,1.0,1127.1361893824562,0.8494484714780964,0.728039241697171,0.951106017497527,0.8504859523449224,0.7778872734188752,0.9647713326613102,0.8279077378411452,0.8676681924632744,5.0,12.0,
lower_manhattan,1000.0,1.0,1127.1361893824562,0.8494484714780964,0.728039241697171,0.951106017497527,0.8504859523449224,0.7778872734188752,0.9647713326613102,0.8279077378411452,0.8676681924632744,5.0,12.0,
lower_manhattan,,0.8759569971892247,1924.3136040891125,0.8424834541443429,0.709664675101479,0.9468760534102847,0.8370913356488571,0.7778713685554004,0.9557579380842641,0.8010515381769544,0.8425805523830942,5.0,12.0,h3_grid_disk_k1
lower_manhattan,,0.732829747786096,2943.334961061838,0.8168294988969429,0.6925116181062076,0.9170171788509257,0.8260877403740011,0.7552689387976883,0.9271895519324721,0.7354904806625118,0.7487626802529227,5.0,12.0,h3_grid_disk_k2
manhattan_expanded,0.0,1.0,1126.6816301919464,0.8873901720418794,0.8309094820672188,0.9290783975033259,0.8269185394586305,0.774267800838225,0.8831633852965611,0.8244284313039604,0.8235754475346232,5.0,28.0,
manhattan_expanded,250.0,1.0,1126.6816301919464,0.8873901720418794,0.8309094820672188,0.9290783975033259,0.8269185394586305,0.774267800838225,0.8831633852965611,0.8244284313039604,0.8235754475346232,5.0,28.0,
manhattan_expanded,500.0,1.0,1126.6816301919464,0.8873901720418794,0.8309094820672188,0.9290783975033259,0.8269185394586305,0.774267800838225,0.8831633852965611,0.8244284313039604,0.8235754475346232,5.0,28.0,
manhattan_expanded,1000.0,1.0,1126.6816301919464,0.8873901720418794,0.8309094820672188,0.9290783975033259,0.8269185394586305,0.774267800838225,0.8831633852965611,0.8244284313039604,0.8235754475346232,5.0,28.0,
manhattan_expanded,,0.8849356761732008,1923.8546750298617,0.8847792918398485,0.8313586458672081,0.9236836031420528,0.8289524791410385,0.7783584124749984,0.8789841635840725,0.8087593464849222,0.8054916340323921,5.0,28.0,h3_grid_disk_k1
manhattan_expanded,,0.7583660150848213,2942.500769660033,0.8758220655547957,0.816608593131541,0.9182669650799938,0.8162710796720811,0.75999731081659,0.8690157185897867,0.7993729841789727,0.7992850909356003,5.0,28.0,h3_grid_disk_k2
